NER,Tag
Lamini,B-ORG
BLEU,B-MISC
AI,B-ORG
LLM,B-PER
Engine,B-PER
API,B-ORG
DatasetB,B-PER
GitHub,B-MISC
Victorian,B-PER
Renaissance,B-PER
Databricks,B-ORG
CC-BY,B-ORG
Apache 2.0,B-ORG
English,B-MISC
OpenAI,B-PER
GPT-3,B-PER
Google,B-PER
HuggingFace,B-PER
Transformers,B-PER
PyTorch,B-ORG
Distributed Data Parallel,B-ORG
GP,B-ORG
R,B-PER
Type,B-MISC
Python,B-MISC
Animal,B-MISC
Larry,B-MISC
JSON,B-LOC
ChatGPT,B-ORG
VP,B-ORG
Homebre,B-MISC
macOS,B-MISC
Linux,B-MISC
Google,B-ORG
No,B-ORG
Pythia,B-MISC
Large Language Model,B-PER
BaseM,B-MISC
GUE,B-MISC
SuperGUE,B-MISC
LAMBADA,B-MISC
Detes,B-MISC
Model,B-ORG
Registry,B-ORG
Lamini,B-ORG
LL,B-ORG
Lam,B-ORG
Lamini,B-ORG
Lam,B-ORG
LLM,B-MISC
Lam,B-MISC
Lam,B-MISC
GPT,B-MISC
-,B-MISC
2,B-MISC
GPT,B-MISC
-,B-MISC
3,B-MISC
LLM,B-MISC
API,B-MISC
Lamini,B-ORG
AI,B-ORG
Lamini,B-ORG
AI,B-ORG
Lam,B-PER
Lam,B-PER
Lamini,B-MISC
AI,B-MISC
Lamini,B-MISC
AI,B-MISC
Lamini,B-MISC
Python,B-MISC
Lamini,B-MISC
API,B-MISC
API,B-MISC
Retry,B-MISC
After,B-MISC
Expo,B-MISC
Lamini,B-MISC
Python,B-MISC
Lamini,B-ORG
AI,B-ORG
Lamini,B-ORG
AI,B-ORG
Lamini,B-ORG
Lamini,B-ORG
Lam,B-PER
Lam,B-PER
LLM,B-PER
Engine,B-PER
Lam,B-PER
Lamini,B-ORG
AI,B-ORG
Lamini,B-ORG
AI,B-ORG
Lam,B-PER
LL,B-PER
Lam,B-PER
Lam,B-PER
Lam,B-PER
Lam,B-PER
Lam,B-PER
Lam,B-PER
Lam,B-PER
Lam,B-PER
Lamini,B-PER
Lam,B-PER
Lamini,B-ORG
LLM,B-ORG
Engine,B-ORG
Lamini,B-ORG
Lam,B-PER
Lam,B-PER
Lam,B-PER
Lam,B-PER
Lam,B-PER
Lamini,B-ORG
Lamini,B-ORG
Lam,B-PER
LL,B-PER
Lamini,B-PER
LL,B-PER
Lam,B-PER
Lam,B-PER
Lamini,B-ORG
AI,B-ORG
Lamini,B-ORG
AI,B-ORG
Lamini,B-ORG
AI,B-ORG
Lamini,B-ORG
AI,B-ORG
Lamini,B-PER
Bo,B-PER
Lam,B-PER
Lam,B-PER
LLM,B-PER
Engine,B-PER
LLM,B-PER
Engine,B-PER
Lam,B-ORG
Lam,B-ORG
Type,B-MISC
Type,B-MISC
Lamini,B-MISC
Lamini,B-MISC
Lamini,B-ORG
AI,B-ORG
Lamini,B-ORG
AI,B-ORG
Lamini,B-ORG
LL,B-ORG
Lamini,B-ORG
LL,B-ORG
Lam,B-PER
Lam,B-PER
Lam,B-PER
F1,B-PER
Lamini,B-PER
LLM,B-MISC
Lamini,B-MISC
Python,B-MISC
LLM,B-MISC
Lamini,B-MISC
Python,B-MISC
Lamini,B-ORG
LL,B-ORG
Lamini,B-ORG
LLM,B-ORG
F1,B-ORG
Lamini,B-ORG
Lam,B-ORG
Lam,B-PER
Lamini,B-MISC
Python,B-MISC
Typetext,B-MISC
Lamini,B-ORG
Lamini,B-ORG
Lamini,B-ORG
Lam,B-PER
Lam,B-PER
Lam,B-PER
Lam,B-PER
Lam,B-PER
Lamini,B-PER
Type,B-PER
Lamini,B-PER
Lamini,B-PER
Lamini,B-PER
Lamini,B-ORG
Lamini,B-ORG
LLM,B-ORG
Engine,B-ORG
Lamini,B-ORG
Lamini,B-ORG
Lamini,B-ORG
Lam,B-PER
Lam,B-PER
Lam,B-PER
Lam,B-PER
Lam,B-PER
Lam,B-PER
Lamini,B-ORG
LLM,B-ORG
Lamini,B-ORG
LLM,B-ORG
LL,B-ORG
Lam,B-PER
Lam,B-PER
LL,B-PER
Lam,B-PER
Lam,B-PER
LLM,B-PER
Engine,B-PER
Lam,B-PER
Lam,B-PER
Lam,B-PER
Lam,B-PER
Lam,B-PER
Lam,B-PER
Lam,B-PER
Lam,B-PER
Lam,B-PER
SQL,B-PER
Lamini,B-PER
LLM,B-PER
Engine,B-PER
LLM,B-PER
Lam,B-PER
Lamini,B-PER
Lamini,B-PER
Lamini,B-PER
Lamini,B-PER
Lamini,B-ORG
AI,B-ORG
Lamini,B-ORG
AI,B-ORG
Python,B-MISC
Python,B-MISC
Lamini,B-MISC
Python,B-MISC
Python,B-MISC
Lam,B-ORG
Lam,B-ORG
Lam,B-ORG
Lam,B-ORG
Lam,B-PER
LL,B-PER
Lam,B-PER
LL,B-PER
Lam,B-PER
ChaGP,B-PER
LamGP,B-PER
Lam,B-PER
ChaGP,B-PER
Lam,B-PER
Lam,B-PER
Lam,B-PER
Lam,B-PER
Lam,B-PER
Lam,B-PER
LLM,B-PER
Engine,B-PER
Lamini,B-ORG
Lamini,B-ORG
Lamini,B-ORG
Lam,B-PER
Lam,B-PER
Lamini,B-ORG
AI,B-ORG
Lamini,B-ORG
AI,B-ORG
Lam,B-PER
Lam,B-PER
Lamini,B-ORG
AI,B-ORG
Lamini,B-ORG
AI,B-ORG
Lam,B-PER
Lam,B-PER
LLM,B-PER
Engine,B-PER
LLM,B-PER
Engine,B-PER
Lamini,B-MISC
Lamini,B-MISC
Lamini,B-MISC
Lamini,B-MISC
LLM,B-ORG
Engine,B-ORG
Lamini,B-ORG
LLM,B-ORG
Engine,B-ORG
Lam,B-PER
Lamini,B-PER
LLM,B-PER
Engine,B-PER
Lam,B-PER
Lamini,B-ORG
Lamini,B-ORG
Lam,B-MISC
Lamini,B-MISC
LLM,B-MISC
Lam,B-PER
Lamini,B-PER
Lam,B-PER
Lamini,B-PER
Lam,B-PER
Playground,B-PER
Lam,B-PER
Lam,B-PER
Lam,B-PER
Lam,B-PER
Lam,B-PER
Lam,B-PER
Lam,B-PER
Lam,B-ORG
Lamini,B-ORG
Lamini,B-ORG
AI,B-ORG
Lamini,B-ORG
AI,B-ORG
Lamini,B-LOC
Lam,B-ORG
LLM,B-ORG
Lam,B-ORG
Lam,B-ORG
AI,B-ORG
LLM,B-MISC
Engine,B-MISC
TestOS,B-MISC
LLM,B-MISC
Lamini,B-MISC
AI,B-MISC
LLM,B-MISC
Lamini,B-MISC
AI,B-MISC
Lamini,B-MISC
API,B-MISC
APIO,B-MISC
API,B-MISC
Lam,B-PER
Lamini,B-PER
LL,B-PER
Lam,B-PER
Lam,B-PER
LL,B-PER
Lam,B-PER
Lam,B-PER
Lam,B-PER
M,B-PER
Lam,B-PER
Lamini,B-ORG
Lamini,B-ORG
Ex,B-ORG
AI,B-ORG
XA,B-ORG
AI,B-ORG
XA,B-ORG
Lam,B-PER
Lam,B-PER
LL,B-PER
Lam,B-PER
OpenAI,B-ORG
Lamini,B-ORG
AI,B-ORG
LLM,B-ORG
Large,B-ORG
Language,B-ORG
Model,B-ORG
LL,B-ORG
OpenAI,B-ORG
OpenAI,B-ORG
GPT,B-ORG
3,B-ORG
AI,B-ORG
Lamini,B-ORG
AI,B-ORG
OpenAI,B-ORG
AI,B-ORG
Lam,B-PER
Lam,B-PER
Lamini,B-PER
Lamini,B-PER
Lamini,B-PER
LLM,B-PER
Engine,B-PER
Lam,B-PER
Lam,B-PER
Lam,B-PER
Lamini,B-MISC
Lamini,B-MISC
Lamini,B-MISC
Lam,B-PER
LL,B-PER
Lam,B-PER
LL,B-PER
Lam,B-PER
Lam,B-PER
Lam,B-PER
LLM,B-PER
Engine,B-PER
Lamini,B-PER
Lamini,B-ORG
Lamini,B-ORG
Lam,B-MISC
Lam,B-MISC
Lam,B-MISC
Lam,B-PER
Lam,B-PER
Lam,B-PER
Lam,B-PER
Lamini,B-ORG
Lamini,B-ORG
Lamini,B-ORG
Lam,B-PER
Lam,B-PER
Lam,B-PER
Lamini,B-PER
Lam,B-PER
Bay,B-PER
Lam,B-PER
Lam,B-PER
Lam,B-PER
Lam,B-PER
Lamini,B-PER
Lamini,B-PER
LLM,B-PER
Engine,B-PER
Lam,B-MISC
Lamini,B-MISC
LL,B-MISC
Lam,B-ORG
Lam,B-ORG
Python,B-ORG
Java,B-ORG
JavaScript,B-ORG
TensorFlow,B-ORG
PyTorch,B-ORG
Lamini,B-ORG
AI,B-ORG
Lamini,B-ORG
AI,B-ORG
LLM,B-MISC
Lamini,B-MISC
Python,B-MISC
LLM,B-MISC
Lamini,B-MISC
Python,B-MISC
LLM,B-MISC
ll,B-MISC
Type,B-MISC
LLM,B-MISC
LLM,B-MISC
Lamini,B-ORG
AI,B-ORG
LLM,B-ORG
Lamini,B-ORG
AI,B-ORG
LLM,B-ORG
LLM,B-ORG
Lamini,B-ORG
AI,B-ORG
LLM,B-ORG
Lamini,B-ORG
AI,B-ORG
Lamini,B-ORG
LlamaIndex,B-ORG
Lamini,B-ORG
LlamaIndex,B-ORG
LL,B-ORG
Lam,B-MISC
Lam,B-MISC
LLM,B-MISC
Engine,B-MISC
GP,B-MISC
Lam,B-MISC
Lamini,B-MISC
LLM,B-MISC
Engine,B-MISC
Lamini,B-ORG
SD,B-ORG
Lam,B-ORG
Lamini,B-ORG
SD,B-ORG
Python,B-ORG
Java,B-ORG
JavaScript,B-ORG
Lam,B-ORG
SD,B-ORG
Lam,B-ORG
Lamini,B-ORG
SD,B-ORG
Lam,B-ORG
Lam,B-PER
Lam,B-PER
Lam,B-PER
Lam,B-PER
Lamini,B-ORG
Lamini,B-ORG
Lam,B-ORG
Lam,B-ORG
Lam,B-ORG
Horovod,B-ORG
Lam,B-PER
Lam,B-PER
Lam,B-PER
Lam,B-PER
Lamini,B-PER
Lam,B-PER
Lamini,B-PER
Lam,B-PER
Lam,B-ORG
Lam,B-PER
LL,B-PER
LlamaIndex,B-PER
Lamini,B-PER
LL,B-PER
LlamaIndex,B-PER
LL,B-PER
Lam,B-PER
Lam,B-PER
LLM,B-PER
Engine,B-PER
Lam,B-PER
LLM,B-PER
Engine,B-PER
Lam,B-ORG
Lam,B-ORG
Lam,B-ORG
Lamini,B-MISC
Lamini,B-MISC
Lamini,B-MISC
Lam,B-PER
Lam,B-PER
Lam,B-PER
Lamini,B-ORG
LlamaIndex,B-ORG
Lamini,B-ORG
LL,B-ORG
LlamaIndex,B-ORG
Lam,B-PER
Lam,B-PER
Lam,B-PER
LLM,B-PER
Engine,B-PER
Lamini,B-ORG
Microsoft,B-ORG
Lamini,B-ORG
AI,B-ORG
Lam,B-PER
LL,B-PER
Lam,B-PER
LL,B-PER
Lam,B-PER
Lam,B-PER
Lam,B-PER
LLM,B-PER
Engine,B-PER
Lamini,B-ORG
Lam,B-PER
LL,B-PER
Lam,B-PER
Transformer,B-PER
GPT,B-PER
-,B-PER
2,B-PER
GPT,B-PER
-,B-PER
3,B-PER
LL,B-PER
PyTorch,B-PER
Type,B-MISC
Lamini,B-ORG
Lamini,B-ORG
LLM,B-ORG
Engine,B-ORG
Lamini,B-ORG
Engine,B-ORG
Lamini,B-ORG
Engine,B-ORG
Lam,B-PER
Databricks,B-PER
Lam,B-PER
Databricks,B-PER
Databricks,B-PER
Language,B-PER
Model,B-PER
LLM,B-PER
Lam,B-PER
Lamini,B-PER
Lam,B-PER
Lamini,B-ORG
AI,B-ORG
LLM,B-ORG
Lamini,B-ORG
AI,B-ORG
LLM,B-ORG
Lamini,B-MISC
Lamini,B-MISC
Lam,B-MISC
Lamini,B-ORG
Lamini,B-ORG
Type,B-ORG
LLM,B-ORG
Engine,B-ORG
Lamini,B-MISC
AI,B-MISC
Lamini,B-MISC
AI,B-MISC
Lamini,B-ORG
Lamini,B-ORG
AI,B-ORG
Lam,B-PER
Lamini,B-PER
Lam,B-PER
Lamini,B-ORG
AI,B-ORG
Lamini,B-ORG
AI,B-ORG
Lam,B-PER
Lam,B-PER
LLM,B-PER
Lam,B-PER
Lam,B-PER
Lam,B-PER
LL,B-PER
LL,B-PER
Lamini,B-PER
LLM,B-PER
Engine,B-PER
Internal,B-MISC
Server,B-MISC
Lam,B-MISC
Internal,B-MISC
Server,B-MISC
Lam,B-MISC
Lamini,B-MISC
Python,B-MISC
LLM,B-MISC
Lamini,B-MISC
LLM,B-MISC
Lamini,B-MISC
Lamini,B-MISC
Lamini,B-MISC
Lam,B-PER
Lamini,B-ORG
AI,B-ORG
Lamini,B-ORG
AI,B-ORG
Lamini,B-ORG
Lamini,B-ORG
AI,B-ORG
Lamini,B-ORG
AI,B-ORG
NL,B-ORG
Lamini,B-ORG
AI,B-ORG
Lamini,B-PER
Lamini,B-PER
LLM,B-PER
Engine,B-PER
Lamini,B-ORG
Lam,B-ORG
Lamini,B-ORG
LLM,B-ORG
Engine,B-ORG
LLM,B-ORG
Lam,B-PER
Lam,B-PER
Lam,B-PER
Lam,B-PER
Lam,B-MISC
Lam,B-MISC
Lam,B-PER
Lam,B-PER
Lam,B-PER
Lam,B-PER
Lamini,B-PER
Lamini,B-PER
LLM,B-PER
Engine,B-PER
Lam,B-PER
Lam,B-PER
Lam,B-PER
la,B-PER
Lam,B-PER
Lam,B-PER
Virtual,B-PER
Private,B-PER
Cloud,B-PER
VPC,B-PER
VP,B-PER
Lamini,B-PER
Lam,B-PER
LLM,B-PER
Engine,B-PER
VP,B-PER
Lam,B-PER
Lam,B-PER
AI,B-PER
Lam,B-PER
Lam,B-PER
Lam,B-PER
Lamini,B-PER
LLM,B-PER
Engine,B-PER
Lam,B-PER
LangChain,B-PER
Lam,B-PER
LangChain,B-PER
Lamini,B-PER
LangChain,B-PER
Lamini,B-ORG
LangChain,B-ORG
Lamini,B-ORG
LangChain,B-ORG
Lam,B-PER
Lam,B-PER
Lam,B-PER
Lam,B-PER
LL,B-MISC
LL,B-MISC
Lam,B-MISC
LL,B-MISC
Lam,B-MISC
LL,B-MISC
la,B-MISC
Lamini,B-MISC
Python,B-MISC
CDN,B-ORG
CDN,B-ORG
Lamini,B-ORG
LLM,B-ORG
Lamini,B-ORG
Strip,B-ORG
Apple,B-ORG
Pay,B-ORG
Google,B-ORG
Pay,B-ORG
Lamini,B-MISC
Python,B-MISC
LLM,B-MISC
LLM,B-MISC
Type,B-MISC
Lamini,B-MISC
Python,B-MISC
Animal,B-MISC
Larry,B-MISC
Lam,B-PER
Lam,B-PER
LLM,B-PER
Engine,B-PER
Lam,B-PER
Lam,B-PER
Automatic,B-PER
Speech,B-PER
Recognition,B-PER
ASR,B-PER
Lam,B-PER
ASR,B-PER
Lam,B-PER
Lam,B-PER
Lam,B-LOC
Camelinae,B-LOC
South,B-LOC
America,B-LOC
Lam,B-ORG
LL,B-ORG
Lam,B-ORG
LL,B-ORG
Lam,B-ORG
LL,B-ORG
Lam,B-ORG
RHF,B-ORG
Lam,B-ORG
Lam,B-ORG
LL,B-ORG
Lam,B-PER
Lam,B-PER
Lam,B-PER
LLM,B-ORG
Engine,B-ORG
Lam,B-PER
Lamini,B-ORG
AI,B-ORG
Lamini,B-ORG
AI,B-ORG
Lam,B-PER
LLM,B-PER
Lam,B-PER
LLM,B-PER
Lamini,B-PER
LangC,B-PER
Lamini,B-PER
LangC,B-PER
LLM,B-MISC
Engine,B-MISC
LLM,B-MISC
LL,B-MISC
Lam,B-MISC
LL,B-MISC
Lam,B-MISC
RHF,B-MISC
Lamini,B-MISC
LL,B-MISC
Lam,B-PER
Lam,B-PER
Lam,B-PER
Lam,B-PER
Lamini,B-ORG
Lamini,B-ORG
LLM,B-ORG
Engine,B-ORG
Lamini,B-ORG
Lam,B-PER
Python,B-PER
Library,B-PER
Lam,B-PER
Lamini,B-PER
Lam,B-PER
Lamini,B-PER
Lam,B-PER
Lam,B-PER
LLM,B-PER
Engine,B-PER
Lam,B-PER
LL,B-PER
Lam,B-PER
LL,B-PER
Lam,B-PER
Lam,B-PER
Lam,B-PER
LL,B-PER
Lamini,B-ORG
ChatGPT,B-ORG
Lamini,B-ORG
Lamini,B-ORG
LLM,B-ORG
Engine,B-ORG
ChatGPT,B-ORG
Lamini,B-ORG
Lamini,B-ORG
Lamini,B-ORG
Lam,B-PER
Lam,B-PER
Lam,B-PER
LLM,B-PER
Engine,B-PER
Lam,B-PER
Lam,B-PER
Lamini,B-MISC
Lamini,B-MISC
Lamini,B-MISC
Python,B-MISC
Lamini,B-MISC
Lamini,B-MISC
Lamini,B-ORG
AI,B-ORG
Chinese,B-ORG
Japanese,B-ORG
Lamini,B-ORG
AI,B-ORG
Chinese,B-ORG
Japanese,B-ORG
Lam,B-ORG
Lam,B-ORG
Lamini,B-PER
Lamini,B-PER
LLM,B-PER
Engine,B-PER
Lam,B-PER
Lamini,B-MISC
Lamini,B-MISC
Lamini,B-MISC
Lamini,B-MISC
Python,B-MISC
Lamini,B-ORG
Lamini,B-ORG
Lamini,B-ORG
Discord,B-ORG
Lamini,B-ORG
Lam,B-LOC
Lamini,B-LOC
Lam,B-PER
Lam,B-PER
Python,B-PER
Lam,B-ORG
Lamini,B-ORG
Python,B-ORG
Python,B-ORG
Lamini,B-ORG
Python,B-ORG
Lamini,B-ORG
Python,B-ORG
Lam,B-ORG
Python,B-ORG
Lam,B-ORG
AI,B-ORG
Lamini,B-ORG
Lamini,B-ORG
Lamini,B-MISC
Lamini,B-MISC
PowerML,B-MISC
Lam,B-MISC
Lamini,B-MISC
Lam,B-PER
Lam,B-PER
OpenAI,B-PER
LL,B-MISC
Lam,B-MISC
LL,B-MISC
Lam,B-MISC
LL,B-MISC
Lamini,B-PER
LLM,B-PER
Lamini,B-PER
LLM,B-PER
Lam,B-MISC
Lam,B-MISC
Lam,B-MISC
Lam,B-PER
Lam,B-PER
Lam,B-PER
L,B-MISC
South,B-MISC
American,B-MISC
Llam,B-MISC
Lamini,B-ORG
AI,B-ORG
Lamini,B-ORG
AI,B-ORG
Lam,B-PER
Lam,B-PER
Lam,B-PER
LL,B-PER
Lam,B-PER
Lam,B-PER
Lam,B-PER
SOLID,B-PER
Lamini,B-LOC
Lam,B-PER
LL,B-PER
Lam,B-PER
LL,B-PER
Lamini,B-ORG
LL,B-ORG
Lamini,B-ORG
LL,B-ORG
Lamini,B-ORG
Lam,B-ORG
Lam,B-PER
Lam,B-PER
Lam,B-PER
Lam,B-PER
Lam,B-PER
Lam,B-PER
Lam,B-PER
LLM,B-MISC
Engine,B-MISC
LLM,B-MISC
Engine,B-MISC
LL,B-MISC
Lamini,B-ORG
Lamini,B-ORG
Lamini,B-ORG
Lamini,B-ORG
Lamini,B-ORG
Lamini,B-ORG
Lam,B-PER
Lam,B-PER
Lam,B-PER
Lam,B-PER
Lamini,B-PER
Lam,B-PER
Lam,B-PER
Lam,B-PER
LL,B-MISC
Lam,B-MISC
LL,B-MISC
Lam,B-MISC
LL,B-MISC
Lamini,B-MISC
Lamini,B-MISC
Lam,B-MISC
Lam,B-PER
Lam,B-PER
LLM,B-MISC
LLM,B-MISC
Lam,B-PER
LLM,B-PER
Engine,B-PER
Lamini,B-ORG
ChatGPT,B-ORG
Lamini,B-ORG
ChatGPT,B-ORG
Lam,B-PER
Lam,B-PER
LLM,B-PER
Engine,B-PER
SD,B-MISC
Lam,B-MISC
Lam,B-MISC
SD,B-MISC
Python,B-MISC
Java,B-MISC
JavaScript,B-MISC
Lam,B-MISC
Lamini,B-ORG
AI,B-ORG
Lamini,B-ORG
AI,B-ORG
LL,B-ORG
Lam,B-PER
Lam,B-PER
LLM,B-PER
Engine,B-PER
Lamini,B-PER
Lamini,B-ORG
AI,B-ORG
Lamini,B-ORG
AI,B-ORG
LLM,B-MISC
Engine,B-MISC
Lamini,B-ORG
Lamini,B-ORG
Lamini,B-ORG
AI,B-ORG
Lamini,B-ORG
AI,B-ORG
Lam,B-ORG
LL,B-ORG
Lam,B-ORG
LL,B-ORG
Lam,B-ORG
Lamini,B-MISC
Python,B-MISC
Lam,B-MISC
Lamini,B-MISC
Lamini,B-MISC
Lamini,B-ORG
Lamini,B-ORG
LLM,B-ORG
Engine,B-ORG
Lamini,B-ORG
Lamini,B-ORG
Apache,B-ORG
Spark,B-ORG
TensorFlow,B-ORG
Lamini,B-ORG
Lamini,B-PER
Lam,B-PER
Lam,B-PER
Lam,B-PER
Lamini,B-ORG
Lam,B-ORG
Lamini,B-ORG
Lam,B-PER
LL,B-PER
Lam,B-PER
LL,B-PER
Lam,B-PER
Lam,B-ORG
Lam,B-ORG
Lamini,B-ORG
Lamini,B-ORG
AI,B-ORG
LL,B-ORG
Lamini,B-ORG
AI,B-ORG
LLM,B-ORG
Lam,B-ORG
Lam,B-ORG
Lamini,B-ORG
LLM,B-MISC
Lamini,B-MISC
LLM,B-MISC
Lamini,B-MISC
Strip,B-MISC
Apple,B-MISC
Pay,B-MISC
Google,B-MISC
Pay,B-MISC
Lam,B-PER
Lam,B-PER
Lam,B-PER
LLM,B-PER
ChaGP,B-PER
Lamini,B-ORG
LangChain,B-ORG
Lamini,B-ORG
LangChain,B-ORG
Lamini,B-PER
LLM,B-MISC
Lamini,B-MISC
Python,B-MISC
LLM,B-MISC
Lamini,B-MISC
Python,B-MISC
Large,B-MISC
Language,B-MISC
Models,B-MISC
LLMs,B-MISC
LLMs,B-MISC
Lam,B-MISC
Lamini,B-MISC
Python,B-MISC
Type,B-MISC
Animal,B-MISC
Larry,B-MISC
Lam,B-PER
Lam,B-PER
Lam,B-PER
Lam,B-PER
LLM,B-MISC
Lamini,B-MISC
LLM,B-MISC
Lamini,B-MISC
Large,B-MISC
Language,B-MISC
Models,B-MISC
LLMs,B-MISC
LL,B-MISC
Lam,B-MISC
Lam,B-PER
English,B-PER
Lam,B-PER
English,B-PER
Spanish,B-PER
Japanese,B-PER
Lamini,B-MISC
Lamini,B-MISC
Python,B-MISC
Lamini,B-MISC
Lamini,B-MISC
Lam,B-ORG
Lam,B-ORG
Lam,B-ORG
Lamini,B-ORG
AI,B-ORG
Lamini,B-ORG
AI,B-ORG
Lam,B-PER
Lamini,B-ORG
AI,B-ORG
Lamini,B-ORG
AI,B-ORG
Lam,B-PER
ChaGPT,B-PER
Lamini,B-PER
ChaGPT,B-PER
AI,B-PER
Lam,B-PER
Lam,B-PER
Lamini,B-PER
Lam,B-PER
LL,B-PER
LLM,B-PER
Lamini,B-ORG
MosaicML,B-ORG
Lamini,B-ORG
MosaicML,B-ORG
AI,B-ORG
Lamini,B-ORG
LL,B-ORG
MosaicML,B-ORG
AI,B-ORG
AI,B-ORG
Lam,B-PER
Lam,B-PER
Language,B-PER
Model,B-PER
Lam,B-PER
Lam,B-ORG
English,B-ORG
Lam,B-ORG
English,B-ORG
Spanish,B-ORG
French,B-ORG
German,B-ORG
Chinese,B-ORG
Japanese,B-ORG
Arabic,B-ORG
non,B-ORG
English,B-ORG
English,B-ORG
Lam,B-PER
Lam,B-PER
Lamini,B-PER
Lam,B-PER
Lam,B-PER
Internal,B-MISC
Server,B-MISC
Lamini,B-MISC
Python,B-MISC
Internal,B-MISC
Server,B-MISC
Lamini,B-MISC
Python,B-MISC
Lamini,B-MISC
Lamini,B-MISC
Lam,B-PER
LLM,B-PER
Engine,B-PER
Lam,B-PER
ChaGPT,B-PER
Lam,B-PER
ChaGPT,B-PER
ChaGPT,B-PER
Lamini,B-PER
LLM,B-PER
Lam,B-PER
Lamini,B-PER
LangChain,B-PER
Lamini,B-PER
LangChain,B-PER
Lamini,B-PER
LangChain,B-PER
Lamini,B-ORG
Lamini,B-ORG
Lamini,B-ORG
API,B-ORG
API,B-ORG
Lamini,B-ORG
API,B-ORG
Lamini,B-ORG
AI,B-ORG
Lamini,B-ORG
Lam,B-PER
Bo,B-PER
Lamini,B-PER
Lam,B-ORG
Lam,B-ORG
Lam,B-ORG
Lam,B-ORG
Lam,B-ORG
Lamini,B-ORG
AI,B-ORG
Lamini,B-ORG
AI,B-ORG
Lamini,B-ORG
AI,B-ORG
Python,B-MISC
Lamini,B-MISC
Python,B-MISC
Lamini,B-MISC
Python,B-MISC
Lam,B-PER
Lam,B-PER
Lam,B-PER
Lam,B-PER
Lamini,B-ORG
AI,B-ORG
Lamini,B-ORG
AI,B-ORG
LL,B-ORG
GP,B-ORG
Lamini,B-ORG
Lamini,B-ORG
AI,B-ORG
Lam,B-PER
Lam,B-PER
Lamini,B-ORG
LL,B-ORG
Lamini,B-ORG
LL,B-ORG
Lamini,B-ORG
Lamini,B-PER
Lamini,B-PER
LLM,B-PER
Engine,B-PER
Lam,B-PER
Lamini,B-MISC
Lamini,B-MISC
Lamini,B-MISC
Lamini,B-ORG
LangChain,B-ORG
Lamini,B-ORG
LangChain,B-ORG
LLM,B-MISC
Engine,B-MISC
Lam,B-PER
LL,B-PER
Lam,B-PER
LL,B-PER
Lam,B-PER
Lam,B-PER
LL,B-PER
LlamaIndex,B-ORG
Lam,B-ORG
LL,B-ORG
LlamaIndex,B-ORG
LL,B-ORG
LL,B-ORG
Lamini,B-ORG
LlamaIndex,B-ORG
LL,B-ORG
Alice,B-PER
Bob,B-PER
Charlie,B-PER
New,B-PER
York,B-PER
San,B-PER
Francisco,B-PER
London,B-PER
Lamini,B-PER
DataF,B-PER
Lamini,B-PER
PersonType,B-PER
DataF,B-PER
DataFrame,B-PER
Lamini,B-PER
PersonT,B-PER
DataFrame,B-PER
Lamini,B-PER
Lamini,B-PER
Lamini,B-ORG
Lamini,B-ORG
M,B-ORG
GPU,B-ORG
Lamini,B-ORG
Lamini,B-ORG
Lamini,B-ORG
AI,B-ORG
Lamini,B-ORG
AI,B-ORG
Lamini,B-ORG
AI,B-ORG
Lam,B-PER
Lam,B-PER
Lam,B-PER
LL,B-PER
Lam,B-PER
LLM,B-PER
Docker,B-PER
Lam,B-PER
Lam,B-PER
Lam,B-PER
Lam,B-PER
Lam,B-PER
Lam,B-MISC
Lamini,B-MISC
Lamini,B-MISC
Lam,B-PER
Lam,B-PER
Lam,B-PER
Lam,B-PER
Lam,B-PER
OpenA,B-PER
Lam,B-PER
OpenA,B-PER
LLM,B-PER
Engine,B-PER
GP,B-PER
GP,B-PER
OpenAI,B-ORG
Lamini,B-ORG
Lam,B-ORG
OpenAI,B-ORG
Lam,B-ORG
Lam,B-ORG
OpenAI,B-ORG
Lamini,B-ORG
Lamini,B-ORG
H,B-ORG
JSON,B-ORG
Lam,B-MISC
Lam,B-MISC
AI,B-MISC
LL,B-MISC
Lamini,B-MISC
AI,B-MISC
Lamini,B-MISC
AI,B-MISC
LL,B-MISC
Lamini,B-MISC
LL,B-MISC
Stanford,B-MISC
Alpaca,B-MISC
Lamini,B-MISC
LL,B-MISC
LL,B-MISC
Lamini,B-ORG
Lamini,B-ORG
Lam,B-PER
Lam,B-PER
Lam,B-MISC
Lam,B-MISC
Lam,B-MISC
Amazon,B-MISC
Web,B-MISC
Services,B-MISC
AWS,B-MISC
Google,B-MISC
Cloud,B-MISC
Platform,B-MISC
GCP,B-MISC
Microsoft,B-MISC
Azure,B-MISC
Lam,B-MISC
Docker,B-MISC
Kunet,B-MISC
Lamer,B-MISC
Lam,B-PER
Lam,B-PER
Lam,B-PER
Lamini,B-ORG
AI,B-ORG
Lamini,B-ORG
AI,B-ORG
Lam,B-ORG
ChaGP,B-ORG
Lam,B-ORG
LLM,B-ORG
Engine,B-ORG
ChaGPT,B-ORG
ChaGPT,B-ORG
Lam,B-ORG
Lamini,B-MISC
Lamini,B-MISC
Lamini,B-MISC
Lam,B-PER
Lam,B-PER
OpenAI,B-PER
Hu,B-PER
Face,B-PER
Hu,B-PER
Face,B-PER
LL,B-PER
Lam,B-PER
Lam,B-PER
Lamini,B-ORG
Lamini,B-ORG
Lam,B-ORG
Lamini,B-ORG
Lamini,B-ORG
Lamini,B-ORG
Lamini,B-ORG
LLM,B-ORG
Engine,B-ORG
Lam,B-PER
Lam,B-PER
Lam,B-PER
Lam,B-PER
GPT,B-PER
-,B-PER
3,B-PER
ChaGPT,B-PER
Lam,B-PER
LL,B-PER
GPT,B-PER
-,B-PER
3,B-PER
ChaGPT,B-PER
OpenAI,B-PER
Lam,B-PER
LL,B-PER
Lam,B-PER
Lam,B-MISC
Lam,B-MISC
Lam,B-MISC
Lam,B-MISC
Lamini,B-LOC
Lamini,B-LOC
LLM,B-LOC
LL,B-LOC
Lam,B-PER
Lam,B-PER
Lamini,B-PER
Lam,B-PER
Lam,B-PER
Lamini,B-PER
Lamini,B-PER
JSON,B-PER
CSV,B-PER
Lam,B-PER
Lamini,B-PER
Lamini,B-MISC
Python,B-MISC
Lamini,B-MISC
Python,B-MISC
Type,B-MISC
LLM,B-MISC
Internal,B-MISC
Server,B-MISC
500,B-MISC
Lamini,B-MISC
Python,B-MISC
Animal,B-MISC
LLM,B-MISC
LLM,B-MISC
LLM,B-MISC
LLM,B-MISC
LLM,B-MISC
LLM,B-MISC
LLM,B-MISC
Lam,B-PER
Lamini,B-PER
LLM,B-PER
Engine,B-PER
Lamini,B-MISC
Lamini,B-MISC
Lamini,B-MISC
GitHub,B-MISC
Lam,B-PER
Lam,B-PER
Lamini,B-PER
LLM,B-PER
Engine,B-PER
Lam,B-PER
Lam,B-PER
Lam,B-PER
Lamini,B-ORG
Lamini,B-ORG
AI,B-ORG
Lamini,B-ORG
LLM,B-ORG
Engine,B-ORG
Lamini,B-ORG
Lamini,B-ORG
LLM,B-ORG
Engine,B-ORG
Lam,B-ORG
Lam,B-PER
Lam,B-PER
Lam,B-PER
Lam,B-PER
Lam,B-PER
Lamini,B-MISC
Lam,B-MISC
TenFlow,B-MISC
PTorch,B-MISC
LLini,B-MISC
TensorFlow,B-MISC
PyTorch,B-MISC
Lam,B-MISC
LL,B-MISC
Lamini,B-ORG
Lamini,B-ORG
Lam,B-ORG
Lam,B-PER
Lam,B-PER
Lamini,B-PER
Lam,B-PER
Lamini,B-PER
Lam,B-PER
Lam,B-PER
Lam,B-PER
Lam,B-PER
Lam,B-PER
Lamini,B-ORG
AI,B-ORG
Lamini,B-ORG
AI,B-ORG
Lamini,B-ORG
Lamini,B-ORG
Lamini,B-MISC
API,B-MISC
Lamini,B-MISC
API,B-MISC
Python,B-MISC
Authorization,B-MISC
HP,B-MISC
Python,B-MISC
API,B-MISC
API,B-MISC
Author,B-MISC
HP,B-MISC
Authorization,B-MISC
HP,B-MISC
Lamini,B-ORG
Lamini,B-ORG
Lamini,B-ORG
Lam,B-PER
U,B-PER
Lam,B-PER
U,B-PER
LL,B-PER
LLM,B-PER
Lam,B-PER
Lam,B-PER
Lam,B-PER
Lam,B-PER
Lamini,B-MISC
Type,B-MISC
Lamini,B-MISC
Python,B-MISC
Animal,B-MISC
Larry,B-MISC
Lam,B-PER
Lam,B-PER
Lam,B-MISC
Lam,B-MISC
LLM,B-MISC
Engine,B-MISC
Lam,B-ORG
non,B-ORG
English,B-ORG
Lamini,B-ORG
non,B-ORG
English,B-ORG
Lam,B-PER
Lamini,B-ORG
Lamini,B-ORG
Sharon,B-ORG
Zhou,B-ORG
Greg,B-ORG
Diamos,B-ORG
Lam,B-PER
Lamini,B-PER
Lam,B-PER
Question,B-PER
Answer,B-PER
Lam,B-PER
Lam,B-PER
Lam,B-PER
Lam,B-PER
Lam,B-PER
Lam,B-PER
LLM,B-PER
Engine,B-PER
Lamini,B-PER
Lam,B-PER
Lam,B-PER
Lam,B-PER
Lam,B-PER
Lam,B-PER
LLM,B-MISC
Engine,B-MISC
Lamini,B-MISC
Lamini,B-MISC
Lam,B-MISC
Lam,B-MISC
Lam,B-MISC
Lam,B-MISC
Lamini,B-PER
Lamini,B-PER
Lam,B-PER
Lam,B-PER
Lam,B-PER
Lamini,B-ORG
Lamini,B-ORG
Lam,B-PER
Lamini,B-MISC
AI,B-MISC
Lamini,B-MISC
AI,B-MISC
Lamini,B-MISC
AI,B-MISC
Lam,B-PER
Lam,B-PER
Lam,B-PER
Lam,B-PER
Lam,B-PER
LL,B-PER
Lam,B-PER
LL,B-PER
Lam,B-MISC
Lam,B-MISC
LL,B-MISC
Lam,B-MISC
AWS,B-MISC
Google,B-MISC
Cloud,B-MISC
Lam,B-MISC
Lam,B-PER
Lam,B-PER
Lam,B-PER
Lam,B-ORG
Lamini,B-ORG
Lamini,B-ORG
Lam,B-MISC
Lam,B-MISC
LLM,B-MISC
Engine,B-MISC
Lamini,B-MISC
Lamini,B-MISC
API,B-MISC
Lamini,B-ORG
AI,B-ORG
Lamini,B-ORG
AI,B-ORG
Lam,B-PER
Lam,B-PER
Lam,B-PER
Twitter,B-PER
Linkedin,B-PER
Lam,B-PER
Lam,B-PER
Lam,B-PER
Lam,B-PER
Lam,B-PER
Lam,B-PER
Lam,B-PER
JSON,B-PER
JSON,B-PER
Schema,B-PER
Lam,B-PER
Lam,B-PER
Lamini,B-PER
LLM,B-PER
Engine,B-PER
Lam,B-PER
Lam,B-PER
Lam,B-PER
Lamini,B-PER
LL,B-PER
Lamini,B-ORG
LlamaIndex,B-ORG
Lamini,B-ORG
LL,B-ORG
LL,B-ORG
LlamaIndex,B-ORG
LL,B-ORG
Lam,B-PER
Lam,B-PER
Lam,B-PER
Lam,B-PER
Lamini,B-PER
Lamini,B-PER
Lamini,B-ORG
LL,B-ORG
Lamini,B-ORG
LL,B-ORG
Lamini,B-ORG
Lamini,B-ORG
LLM,B-ORG
Lamini,B-ORG
Lamini,B-PER
Hu,B-PER
Face,B-PER
Hu,B-PER
Face,B-PER
Face,B-PER
Lam,B-PER
Hu,B-PER
Face,B-PER
LLM,B-PER
Engine,B-PER
Lam,B-PER
LLM,B-PER
Engine,B-PER
PTorch,B-PER
Hugging,B-PER
Face,B-PER
Lamini,B-PER
Lam,B-PER
Lam,B-PER
Lam,B-PER
Lam,B-PER
HL,B-PER
Markdown,B-PER
LLM,B-MISC
True,B-MISC
Lamini,B-ORG
AI,B-ORG
Lamini,B-ORG
AI,B-ORG
Lamini,B-ORG
Lamini,B-ORG
Lam,B-PER
Lam,B-PER
Lam,B-PER
Lam,B-PER
LL,B-PER
Lam,B-PER
LL,B-PER
LLM,B-PER
Engine,B-PER
Lam,B-PER
Lam,B-PER
Lam,B-PER
Lam,B-PER
Lam,B-PER
LL,B-PER
Lam,B-PER
LL,B-PER
Lam,B-PER
Lam,B-PER
Lamini,B-ORG
AI,B-ORG
Lamini,B-ORG
AI,B-ORG
Lam,B-ORG
Lam,B-ORG
Lam,B-PER
Lam,B-PER
Lam,B-PER
Lam,B-PER
LL,B-PER
Lam,B-PER
Lam,B-PER
Lam,B-PER
Lam,B-PER
LLM,B-PER
Engine,B-PER
Lam,B-PER
Lamini,B-ORG
AI,B-ORG
Lamini,B-ORG
AI,B-ORG
Lamini,B-MISC
Lamini,B-MISC
Lam,B-PER
Lam,B-PER
Lamini,B-PER
Lamini,B-PER
Lam,B-ORG
Langchain,B-ORG
Lamini,B-ORG
LangChain,B-ORG
Lamini,B-ORG
LangChain,B-ORG
Lam,B-PER
Lamini,B-MISC
Lam,B-MISC
Lamini,B-MISC
Lamini,B-MISC
Lam,B-MISC
Lamini,B-ORG
AI,B-ORG
Lamini,B-ORG
Lam,B-PER
Lam,B-ORG
Lam,B-MISC
Lam,B-MISC
Lam,B-MISC
Lam,B-MISC
Lamini,B-ORG
LlamaIndex,B-ORG
LL,B-ORG
Lamini,B-ORG
LlamaIndex,B-ORG
LL,B-ORG
Lamini,B-ORG
LlamaIndex,B-ORG
LL,B-ORG
Lam,B-PER
Lamini,B-PER
Lamini,B-ORG
Lamini,B-ORG
Llama,B-ORG
Lam,B-PER
Lamini,B-PER
Lamini,B-PER
LLM,B-PER
Engine,B-PER
Lam,B-PER
Lam,B-PER
Lam,B-PER
Lam,B-PER
Lam,B-PER
Lamini,B-ORG
AI,B-ORG
Lamini,B-ORG
AI,B-ORG
Lam,B-ORG
LL,B-ORG
Lam,B-ORG
LL,B-ORG
Engine,B-ORG
LLM,B-ORG
Engine,B-ORG
Lam,B-PER
Lam,B-PER
Llam,B-ORG
Lamini,B-ORG
SL,B-ORG
Lamini,B-ORG
LL,B-ORG
Lamini,B-ORG
SL,B-ORG
Lam,B-PER
Lamini,B-PER
Lam,B-PER
Lamini,B-ORG
LLM,B-ORG
Engine,B-ORG
Lamini,B-ORG
Lamini,B-ORG
Lamini,B-ORG
Lamini,B-ORG
LLM,B-ORG
Engine,B-ORG
Face,B-ORG
OpenAI,B-ORG
Lamini,B-ORG
LLM,B-ORG
Engine,B-ORG
LLM,B-ORG
Lamini,B-ORG
Lamini,B-ORG
LLM,B-ORG
Engine,B-ORG
Lamini,B-ORG
Lamini,B-ORG
LlamAPIEE,B-ORG
Lamini,B-ORG
HL,B-ORG
Markdown,B-ORG
Lam,B-ORG
HL,B-ORG
Markdown,B-ORG
Lam,B-ORG
Pandoc,B-ORG
WeasyPrint,B-ORG
Lam,B-ORG
AI,B-ORG
Lamini,B-ORG
AI,B-ORG
Python,B-ORG
Java,B-ORG
C,B-ORG
+,B-ORG
+,B-ORG
LLM,B-ORG
Engine,B-ORG
Lamini,B-MISC
Python,B-MISC
Lamini,B-MISC
Python,B-MISC
Internal,B-MISC
Server,B-MISC
500,B-MISC
Lamini,B-MISC
Python,B-MISC
Python,B-MISC
Lam,B-PER
LL,B-PER
Lam,B-PER
LLM,B-PER
Lam,B-PER
Lam,B-PER
Lam,B-PER
LLM,B-PER
Lam,B-PER
Lam,B-LOC
Lam,B-PER
Lam,B-PER
LL,B-MISC
Lamini,B-MISC
LLM,B-MISC
Lamini,B-MISC
LLM,B-MISC
LLM,B-MISC
Lam,B-ORG
Lamini,B-ORG
AI,B-ORG
WizardLM,B-ORG
Pythia,B-ORG
Dolly,B-ORG
Falcon,B-ORG
Lamini,B-ORG
AI,B-ORG
Lamini,B-ORG
AI,B-ORG
Lam,B-PER
Lam,B-PER
Lam,B-PER
Lam,B-PER
Bo,B-PER
Lam,B-PER
Lamini,B-ORG
AI,B-ORG
English,B-ORG
Lamini,B-ORG
AI,B-ORG
English,B-ORG
Lam,B-MISC
Lam,B-MISC
Lam,B-MISC
Lam,B-MISC
Iso,B-MISC
Linkerd,B-MISC
Lam,B-MISC
Docker,B-MISC
Kunetes,B-MISC
GPT,B-MISC
3,B-MISC
5,B-MISC
Lam,B-MISC
GPT,B-MISC
3,B-MISC
5,B-MISC
Lam,B-MISC
LLM,B-MISC
Engine,B-MISC
GPT,B-MISC
3,B-MISC
5,B-MISC
GPT,B-MISC
Lam,B-MISC
GPT,B-MISC
3,B-MISC
5,B-MISC
AI,B-MISC
Lamini,B-ORG
AI,B-ORG
Lamini,B-ORG
AI,B-ORG
Lam,B-PER
Lam,B-PER
Lam,B-PER
Lam,B-PER
Lam,B-PER
Lam,B-PER
Lam,B-PER
Lam,B-PER
LL,B-PER
Lam,B-PER
LL,B-PER
Lam,B-PER
Lamini,B-PER
Lam,B-PER
Lam,B-PER
Lamini,B-PER
Python,B-PER
LLM,B-PER
Lamini,B-ORG
Lamini,B-ORG
Lam,B-ORG
LL,B-MISC
Lamini,B-MISC
LL,B-MISC
Lamini,B-MISC
Lamini,B-PER
Lamini,B-PER
LL,B-PER
Virtual,B-PER
Private,B-PER
Cloud,B-PER
VPC,B-PER
Lam,B-PER
LL,B-PER
LlamaIndex,B-PER
Lamini,B-PER
LL,B-PER
LlamaIndex,B-PER
LL,B-PER
Lamini,B-ORG
AI,B-ORG
Lamini,B-ORG
AI,B-ORG
Lam,B-PER
Lamini,B-PER
Lamini,B-PER
Lam,B-PER
Lam,B-PER
Lamini,B-PER
Python,B-MISC
Lamini,B-MISC
Python,B-MISC
Python,B-MISC
Lamini,B-MISC
Python,B-MISC
Homebrew,B-MISC
macOS,B-MISC
Chocolatey,B-MISC
Windows,B-MISC
Python,B-MISC
Lamini,B-MISC
Python,B-MISC
Llama,B-ORG
Lamini,B-ORG
Lamini,B-ORG
Lamini,B-ORG
LLM,B-MISC
Engine,B-MISC
LLM,B-MISC
LLM,B-MISC
Engine,B-MISC
Lamini,B-ORG
Lamini,B-ORG
Lamini,B-MISC
Lamini,B-MISC
Python,B-MISC
Lam,B-PER
Lamini,B-PER
LLM,B-PER
Engine,B-PER
OpenAI,B-PER
Lam,B-PER
LL,B-PER
Lam,B-PER
LL,B-PER
Lam,B-PER
Lamini,B-ORG
Lamini,B-ORG
Lamini,B-ORG
Lamini,B-ORG
Databricks,B-ORG
Snowflake,B-ORG
SQL,B-ORG
SparkSQL,B-ORG
LL,B-ORG
Lamini,B-ORG
LLM,B-ORG
LL,B-ORG
Lam,B-ORG
Lamini,B-ORG
Lam,B-ORG
Lamini,B-ORG
Lamini,B-ORG
LLM,B-ORG
Lam,B-MISC
Lam,B-MISC
Lam,B-MISC
Lam,B-MISC
Lam,B-PER
LL,B-PER
Lam,B-PER
LL,B-PER
Lam,B-PER
Lamini,B-PER
Lamini,B-MISC
AI,B-MISC
Lamini,B-MISC
AI,B-MISC
AI,B-MISC
LL,B-MISC
Lam,B-MISC
LL,B-MISC
Lam,B-MISC
LL,B-MISC
Lamini,B-MISC
Lamini,B-ORG
AI,B-ORG
Lamini,B-ORG
AI,B-ORG
Lamini,B-MISC
Python,B-MISC
Lamini,B-MISC
Python,B-MISC
Lamini,B-ORG
Lamini,B-ORG
Lamini,B-ORG
Lamini,B-ORG
Lamini,B-ORG
AI,B-ORG
Lam,B-PER
Lam,B-PER
Lam,B-PER
Lamini,B-PER
LL,B-PER
AI,B-PER
Lam,B-ORG
Lam,B-ORG
Lamini,B-ORG
Lamini,B-ORG
Lamini,B-ORG
LL,B-MISC
LL,B-MISC
Lamini,B-MISC
Lamini,B-MISC
Lamini,B-ORG
Lamini,B-ORG
Lam,B-PER
Lam,B-PER
Lamini,B-ORG
LangChain,B-ORG
Lamini,B-ORG
LangChain,B-ORG
LL,B-MISC
LL,B-MISC
Lamini,B-MISC
Python,B-MISC
Lamini,B-MISC
Lamini,B-MISC
Lam,B-MISC
Lam,B-MISC
Lam,B-MISC
Lamini,B-MISC
AI,B-MISC
Lamini,B-MISC
AI,B-MISC
Lamini,B-MISC
AI,B-MISC
Lam,B-ORG
HuFace,B-ORG
Lamini,B-ORG
Lam,B-MISC
AI,B-MISC
Lam,B-MISC
AI,B-MISC
Llama,B-MISC
Lam,B-MISC
Llamasoft,B-MISC
Lam,B-ORG
Lam,B-ORG
Bay,B-ORG
Lam,B-ORG
Lam,B-ORG
Lam,B-PER
MosaicML,B-PER
Lamini,B-PER
LL,B-PER
MosaicML,B-PER
Lam,B-PER
Lamini,B-ORG
Lamini,B-ORG
Lamini,B-ORG
Lamini,B-ORG
Lam,B-PER
Lam,B-PER
Lam,B-PER
Lam,B-PER
Lam,B-PER
Lamini,B-MISC
Lamini,B-MISC
Python,B-MISC
TensorFlow,B-MISC
PyTorch,B-MISC
Lam,B-PER
Lam,B-ORG
Lam,B-ORG
GPT,B-ORG
-,B-ORG
2,B-ORG
Ra,B-ORG
Lam,B-ORG
Lam,B-PER
Lamini,B-ORG
AI,B-ORG
Lamini,B-ORG
AI,B-ORG
Lam,B-PER
Lam,B-PER
CS,B-PER
Lam,B-PER
Lam,B-PER
Lam,B-PER
LLM,B-MISC
Engine,B-MISC
Lam,B-PER
Lam,B-PER
Lamini,B-PER
Lamini,B-ORG
Lamini,B-ORG
Python,B-MISC
Lamini,B-MISC
Python,B-MISC
Python,B-MISC
Lamini,B-MISC
Python,B-MISC
Python,B-MISC
LLM,B-MISC
Lamini,B-MISC
LLM,B-MISC
Lam,B-MISC
LL,B-MISC
LLM,B-MISC
LLM,B-MISC
Lamini,B-MISC
LLM,B-MISC
Lamini,B-MISC
Lamini,B-MISC
LL,B-MISC
Lamini,B-MISC
Python,B-MISC
LLM,B-MISC
Lamini,B-ORG
AI,B-ORG
NLP,B-ORG
Lamini,B-ORG
AI,B-ORG
NLP,B-ORG
Lamini,B-ORG
AI,B-ORG
Lamini,B-ORG
AI,B-ORG
Lam,B-PER
Lam,B-PER
Lam,B-PER
Lam,B-PER
Lam,B-PER
Lam,B-PER
Lam,B-PER
Lamini,B-ORG
AI,B-ORG
Lamini,B-ORG
AI,B-ORG
Lam,B-ORG
LL,B-ORG
LL,B-ORG
Lam,B-ORG
Lam,B-PER
LLM,B-PER
Lam,B-PER
LL,B-PER
Lam,B-PER
GPT,B-PER
Lam,B-PER
LLM,B-PER
Lam,B-PER
LLM,B-PER
Engine,B-PER
Lamini,B-ORG
AI,B-ORG
Lamini,B-ORG
AI,B-ORG
Lam,B-PER
Lam,B-PER
Lamini,B-MISC
Lamini,B-MISC
Lamini,B-MISC
Engine,B-MISC
LLM,B-MISC
Lamini,B-MISC
Python,B-MISC
LLM,B-MISC
Lamini,B-MISC
Python,B-MISC
LLM,B-MISC
Lam,B-PER
Lam,B-PER
Lam,B-PER
Lam,B-PER
Lamini,B-ORG
AI,B-ORG
AP,B-ORG
Style,B-ORG
MLA,B-ORG
Lamini,B-ORG
AI,B-ORG
AP,B-ORG
Style,B-ORG
MLA,B-ORG
Lam,B-PER
Lam,B-PER
Lam,B-PER
Lamini,B-PER
LL,B-PER
Lamini,B-PER
VPC,B-PER
LL,B-PER
Lamini,B-PER
VPC,B-PER
Lamini,B-ORG
non,B-ORG
English,B-ORG
Lamini,B-ORG
non,B-ORG
English,B-ORG
Lamini,B-ORG
non,B-ORG
English,B-ORG
LL,B-ORG
Lam,B-MISC
Lam,B-MISC
AI,B-MISC
Lam,B-MISC
Lam,B-PER
Lam,B-PER
Lamini,B-ORG
AI,B-ORG
Lamini,B-ORG
AI,B-ORG
Lamini,B-ORG
AI,B-ORG
Lamini,B-ORG
AI,B-ORG
Lam,B-PER
Lam,B-PER
Lam,B-PER
Lamini,B-ORG
LangChain,B-ORG
Lam,B-ORG
LangChain,B-ORG
Lam,B-ORG
Lam,B-ORG
Lamini,B-ORG
LLM,B-ORG
Engine,B-ORG
LLM,B-ORG
Lam,B-PER
Lam,B-PER
Lamini,B-PER
Bot,B-PER
Lamini,B-PER
Lamini,B-MISC
Lam,B-MISC
Lamini,B-MISC
Lamini,B-MISC
Python,B-MISC
Python,B-MISC
Lam,B-PER
Lam,B-PER
Lam,B-PER
Lam,B-PER
Lam,B-PER
Lamini,B-MISC
AI,B-MISC
LLM,B-MISC
Lamini,B-MISC
AI,B-MISC
LLM,B-MISC
Lamini,B-MISC
Lamini,B-MISC
GP,B-MISC
Internal,B-MISC
Server,B-MISC
500,B-MISC
Lam,B-PER
Lam,B-PER
Lamini,B-PER
Lam,B-PER
Lamini,B-ORG
Lamini,B-ORG
Lamini,B-ORG
Lam,B-ORG
Lamini,B-ORG
LLM,B-ORG
Lamini,B-MISC
LL,B-MISC
Lamini,B-MISC
Lam,B-PER
Lam,B-ORG
Lamini,B-ORG
Lamini,B-ORG
Lamini,B-ORG
Lamini,B-ORG
Lam,B-PER
Bo,B-PER
Lam,B-PER
Lam,B-ORG
Lamini,B-ORG
Llam,B-ORG
Llam,B-ORG
LLM,B-MISC
Lamini,B-MISC
LLM,B-MISC
Lamini,B-MISC
Lamini,B-MISC
LL,B-MISC
Lamini,B-MISC
LLM,B-MISC
Lamini,B-MISC
LLM,B-MISC
Lam,B-PER
Lamini,B-PER
Lamini,B-PER
Lam,B-PER
Lam,B-PER
LLM,B-PER
Lam,B-PER
Lamini,B-ORG
Lamini,B-ORG
Library,B-ORG
Lamini,B-ORG
Library,B-ORG
AI,B-ORG
Lamini,B-ORG
Lam,B-ORG
Lamini,B-ORG
Lam,B-PER
LL,B-MISC
Lam,B-PER
Lamini,B-PER
Lam,B-PER
Lamini,B-PER
Lam,B-PER
AI,B-PER
Lam,B-PER
Lamini,B-ORG
AI,B-ORG
Lamini,B-ORG
AI,B-ORG
VP,B-ORG
Lam,B-PER
Lam,B-PER
LLM,B-PER
Lamini,B-ORG
GPT,B-ORG
3,B-ORG
GPT,B-ORG
2,B-ORG
Lamini,B-ORG
GPT,B-ORG
3,B-ORG
GPT,B-ORG
2,B-ORG
LL,B-ORG
Lam,B-ORG
ChaGP,B-ORG
Lamini,B-ORG
LLM,B-ORG
Engine,B-ORG
OpenAI,B-ORG
M,B-ORG
Lam,B-PER
Lam,B-PER
LL,B-PER
Lam,B-PER
Lam,B-PER
Lamini,B-PER
Bo,B-PER
Lamini,B-PER
Bo,B-PER
Lamini,B-PER
Lamini,B-ORG
Lamini,B-ORG
Lam,B-ORG
Lam,B-ORG
Lamini,B-ORG
Lamini,B-PER
Lam,B-PER
LLM,B-PER
Engine,B-PER
Lamini,B-PER
Bo,B-PER
Lam,B-PER
Lam,B-PER
Lam,B-PER
Lam,B-ORG
G,B-ORG
Lam,B-ORG
G,B-ORG
Lamini,B-MISC
Lamini,B-MISC
Lamini,B-MISC
Python,B-MISC
Python,B-MISC
Python,B-MISC
Homebrew,B-MISC
macOS,B-MISC
Linux,B-MISC
Lamini,B-MISC
Lamini,B-MISC
OpenAI,B-MISC
Lamini,B-MISC
Lamini,B-MISC
Lamini,B-MISC
Lamini,B-ORG
HL,B-ORG
Markdown,B-ORG
Lamini,B-ORG
HL,B-ORG
Markdown,B-ORG
Lamini,B-ORG
Lamini,B-MISC
Lamini,B-ORG
Lamini,B-ORG
Type,B-ORG
Lamini,B-ORG
Lam,B-PER
Lam,B-PER
Lam,B-PER
Lamini,B-PER
Lam,B-PER
API,B-ORG
Python,B-MISC
Lam,B-MISC
Lamini,B-MISC
Python,B-MISC
Lamini,B-PER
LLM,B-PER
Engine,B-PER
ERQIUJLKCMABHS,B-ORG
LMKJAHS,B-ORG
AJA,B-ORG
Lamini,B-MISC
Type,B-MISC
Lamini,B-MISC
LLM,B-MISC
Engine,B-MISC
Lamini,B-MISC
Type,B-MISC
Pc,B-MISC
BaseM,B-MISC
Lamini,B-ORG
Lamini,B-ORG
Lamini,B-ORG
AI,B-ORG
Lamini,B-ORG
Lamini,B-PER
Lamini,B-PER
Lam,B-PER
Lamini,B-PER
Lamini,B-ORG
ChaGP,B-ORG
Lamini,B-ORG
ChaGP,B-ORG
Lamini,B-ORG
ChaGPT,B-ORG
Lam,B-PER
LamFilter,B-PER
F1,B-PER
Lamini,B-ORG
Lamini,B-ORG
Lamini,B-ORG
API,B-ORG
Lam,B-PER
Lam,B-PER
LLM,B-PER
Engine,B-PER
AI,B-PER
LL,B-MISC
Lam,B-MISC
LL,B-MISC
Lam,B-MISC
LL,B-MISC
LL,B-MISC
Lam,B-MISC
LL,B-MISC
Lam,B-MISC
LL,B-MISC
Lam,B-PER
Lam,B-PER
Lamini,B-MISC
Lamini,B-MISC
AI,B-MISC
Lamini,B-PER
Lamini,B-PER
LLM,B-PER
Engine,B-PER
Lamini,B-ORG
Lamini,B-ORG
Lamini,B-ORG
Lamini,B-ORG
Lamini,B-ORG
Lamini,B-ORG
AI,B-ORG
Lamini,B-ORG
AI,B-ORG
Lamini,B-MISC
Lamini,B-MISC
Lamini,B-MISC
Lam,B-PER
Lam,B-PER
Lam,B-PER
Lam,B-PER
Lamini,B-ORG
AI,B-ORG
Lamini,B-ORG
AI,B-ORG
Lamini,B-ORG
AI,B-ORG
Lam,B-PER
Lam,B-PER
Lamini,B-ORG
Lamini,B-ORG
AI,B-ORG
LL,B-ORG
Lamini,B-ORG
Lamini,B-ORG
Lamini,B-ORG
AI,B-ORG
Lamini,B-ORG
Django,B-ORG
AWS,B-ORG
Lambda,B-ORG
Lamini,B-ORG
Django,B-ORG
AWS,B-ORG
Lambda,B-ORG
Python,B-ORG
Lamini,B-ORG
Lamini,B-ORG
Lam,B-PER
Lam,B-PER
Lamini,B-ORG
AI,B-ORG
Lamini,B-ORG
AI,B-ORG
Lamini,B-ORG
Lamini,B-ORG
Lamini,B-ORG
Lamini,B-ORG
Lamini,B-ORG
LL,B-ORG
Lamini,B-ORG
LL,B-ORG
NL,B-ORG
Lamini,B-ORG
LL,B-ORG
Lam,B-PER
Lam,B-PER
Lam,B-PER
Lamini,B-ORG
AI,B-ORG
Lamini,B-ORG
AI,B-ORG
Lamini,B-ORG
AI,B-ORG
LLM,B-ORG
Lamini,B-ORG
AI,B-ORG
LLM,B-ORG
LL,B-MISC
LL,B-MISC
Lamini,B-ORG
TensorFlow,B-ORG
PyTorch,B-ORG
Lamini,B-ORG
TensorFlow,B-ORG
PyTorch,B-ORG
Lam,B-PER
Lam,B-PER
Lamini,B-PER
AI,B-PER
Lamini,B-PER
AI,B-PER
Lamini,B-ORG
ChaGPT,B-ORG
Lamini,B-ORG
ChaGPT,B-ORG
Lamini,B-ORG
Lamini,B-ORG
Apache,B-ORG
2,B-ORG
0,B-ORG
Lamini,B-ORG
Lamini,B-ORG
AI,B-ORG
Lam,B-PER
Startcation,B-PER
Answer,B-PER
Model,B-PER
Python,B-PER
Library,B-PER
Handling,B-PER
Advanced,B-PER
LLM,B-PER
Engine,B-PER
Lam,B-PER
Lam,B-PER
Lam,B-PER
Lamini,B-ORG
AI,B-ORG
Lamini,B-ORG
AI,B-ORG
AP,B-ORG
Style,B-ORG
MLA,B-ORG
Lamini,B-ORG
AI,B-ORG
AI,B-ORG
Lamini,B-ORG
AI,B-ORG
Lamini,B-ORG
AI,B-ORG
Lamini,B-ORG
AI,B-ORG
AI,B-ORG
Lam,B-PER
Google,B-PER
Colab,B-PER
Google,B-PER
Lam,B-PER
Google,B-PER
Colab,B-PER
Google,B-PER
Google,B-PER
Colab,B-PER
Lamini,B-PER
Google,B-PER
Lamini,B-PER
LLM,B-PER
Python,B-PER
Lam,B-PER
Lam,B-PER
Lam,B-PER
Lam,B-PER
APA,B-PER
MLA,B-PER
Lam,B-PER
Lam,B-PER
LL,B-PER
Lam,B-PER
Lam,B-PER
Lam,B-PER
Lamini,B-PER
LLM,B-PER
Engine,B-PER
LLM,B-PER
Lam,B-PER
Lam,B-PER
AI,B-MISC
Lam,B-MISC
Lam,B-MISC
AI,B-MISC
AI,B-MISC
Lamini,B-MISC
Lamini,B-MISC
Lamini,B-ORG
LLM,B-ORG
Engine,B-ORG
LLM,B-ORG
Engine,B-ORG
LLM,B-ORG
Engine,B-ORG
Lam,B-PER
Lam,B-PER
Lam,B-PER
Lam,B-PER
Lam,B-PER
Lam,B-MISC
LLM,B-MISC
Engine,B-MISC
Lamini,B-MISC
Lamini,B-PER
Lamini,B-PER
LLM,B-PER
Engine,B-PER
Lamini,B-PER
LLM,B-PER
Engine,B-PER
Lam,B-PER
Lam,B-PER
Lam,B-ORG
SQL,B-ORG
Lam,B-ORG
SQL,B-ORG
Lamini,B-ORG
Lamini,B-ORG
OpenAI,B-ORG
LL,B-MISC
LL,B-MISC
LL,B-MISC
LL,B-MISC
LL,B-MISC
Lam,B-MISC
LL,B-MISC
Lam,B-PER
Lamini,B-PER
Lam,B-PER
Lamini,B-ORG
ChaGPT,B-ORG
Lam,B-ORG
ChaGP,B-ORG
ChaGPT,B-ORG
Lam,B-ORG
LLM,B-ORG
LL,B-ORG
Lam,B-ORG
ChaGPT,B-ORG
Lam,B-PER
Lam,B-PER
LL,B-PER
LLM,B-PER
Lamini,B-ORG
AI,B-ORG
Lamini,B-ORG
AI,B-ORG
Lamini,B-ORG
AI,B-ORG
Lamini,B-ORG
AI,B-ORG
Lam,B-PER
Lamini,B-PER
Lamini,B-PER
AI,B-PER
LLM,B-MISC
Engine,B-MISC
Lamini,B-MISC
Toors,B-MISC
ChatGPT,B-MISC
GPT,B-MISC
Lamini,B-PER
Lamini,B-PER
Lamini,B-ORG
Lamini,B-ORG
Lam,B-ORG
ChatGPT,B-ORG
Lam,B-ORG
ChatGPT,B-ORG
Lam,B-ORG
ChaGPT,B-ORG
Lamini,B-ORG
ChatGPT,B-ORG
Lam,B-ORG
ChatGPT,B-ORG
Lamini,B-ORG
AI,B-ORG
Lamini,B-ORG
AI,B-ORG
Lamini,B-ORG
AI,B-ORG
Lamini,B-ORG
AI,B-ORG
NLP,B-ORG
Lamini,B-PER
LLM,B-PER
Engine,B-PER
Lamini,B-ORG
Lamini,B-ORG
LLM,B-ORG
Engine,B-ORG
Lam,B-ORG
Lam,B-ORG
Lamini,B-ORG
Language,B-ORG
Model,B-ORG
Lamini,B-ORG
Lamini,B-PER
Lamini,B-PER
LLM,B-PER
Engine,B-PER
LLM,B-MISC
Engine,B-MISC
Rubik,B-MISC
',B-MISC
s,B-MISC
Cube,B-MISC
Lamini,B-MISC
LLM,B-MISC
Engine,B-MISC
Lam,B-PER
English,B-PER
Lam,B-PER
English,B-PER
Lamini,B-ORG
LLM,B-ORG
ll,B-ORG
LLM,B-ORG
Lam,B-PER
Lam,B-PER
Lam,B-PER
Lam,B-PER
Lam,B-PER
LL,B-PER
LL,B-PER
LL,B-PER
Lam,B-PER
Lam,B-PER
LL,B-PER
LLM,B-PER
Lamini,B-ORG
AI,B-ORG
Lamini,B-ORG
AI,B-ORG
NL,B-ORG
Lamini,B-ORG
AI,B-ORG
Lamini,B-ORG
AI,B-ORG
Lam,B-PER
Lam,B-PER
Lam,B-PER
Lam,B-PER
Lamini,B-PER
LLM,B-PER
Lamini,B-MISC
Lamini,B-MISC
Lamini,B-ORG
Lamini,B-ORG
Lam,B-PER
Lam,B-PER
Lam,B-PER
Lamini,B-ORG
Lamini,B-ORG
Lam,B-ORG
Lam,B-ORG
Google,B-ORG
Colab,B-ORG
Lam,B-ORG
Lam,B-ORG
Lamini,B-ORG
Lam,B-MISC
Lamini,B-ORG
AI,B-ORG
Lamini,B-ORG
AI,B-ORG
Lamini,B-ORG
LLM,B-ORG
Engine,B-ORG
Lam,B-PER
LL,B-PER
Lam,B-PER
LLM,B-PER
Engine,B-PER
Lam,B-PER
AP,B-PER
Style,B-PER
Chicago,B-PER
Manual,B-PER
of,B-PER
Style,B-PER
Lam,B-PER
AP,B-PER
Style,B-PER
Chicago,B-PER
Manual,B-PER
of,B-PER
Style,B-PER
Lam,B-ORG
Lamini,B-ORG
Lamini,B-ORG
Lamini,B-ORG
Lamini,B-ORG
Lamini,B-ORG
AI,B-ORG
Lam,B-PER
Lam,B-PER
Lamini,B-PER
Lam,B-PER
Lam,B-PER
LLM,B-PER
Engine,B-PER
Lam,B-PER
LL,B-MISC
LL,B-MISC
LL,B-MISC
Lam,B-PER
Lam,B-PER
Lam,B-ORG
Lamini,B-ORG
Lamini,B-ORG
Lam,B-PER
Lam,B-PER
LlamAP,B-PER
Lam,B-PER
Lam,B-PER
Lam,B-PER
Lam,B-PER
Lam,B-PER
Lamini,B-ORG
Lam,B-PER
Lam,B-PER
LL,B-MISC
Lamini,B-ORG
Lamini,B-ORG
Prometheus,B-ORG
Grafana,B-ORG
ELK,B-ORG
API,B-ORG
Lamini,B-ORG
API,B-ORG
LL,B-ORG
Lam,B-ORG
Lamini,B-ORG
Lamini,B-ORG
Lamini,B-PER
Lamini,B-PER
LLM,B-PER
Engine,B-PER
Lam,B-PER
Bo,B-PER
Lam,B-PER
Lam,B-PER
Lam,B-PER
Lam,B-PER
Lam,B-PER
Lam,B-PER
Lam,B-ORG
LLM,B-ORG
Engine,B-ORG
LL,B-ORG
Lam,B-ORG
LL,B-ORG
Lam,B-ORG
LL,B-ORG
Lam,B-PER
Lam,B-PER
Lamini,B-ORG
LLM,B-ORG
Lamini,B-ORG
LLM,B-ORG
Lamini,B-ORG
Lamini,B-ORG
Lamini,B-ORG
Lam,B-PER
LlamaInde,B-PER
Lamini,B-PER
LL,B-PER
LlamaIndex,B-PER
LL,B-PER
Lamini,B-MISC
Type,B-MISC
Type,B-MISC
Lam,B-MISC
Lam,B-PER
Lamini,B-PER
Lam,B-PER
Victorian,B-PER
Renaissance,B-PER
Lam,B-PER
Victorian,B-PER
Renaissance,B-PER
Lam,B-PER
LLM,B-ORG
Engine,B-ORG
LLM,B-ORG
Engine,B-ORG
la,B-ORG
Lamini,B-ORG
Sharon,B-ORG
Zhou,B-ORG
Greg,B-ORG
Diamos,B-ORG
Lamini,B-PER
Lamini,B-PER
Python,B-PER
Author,B-PER
Python,B-PER
Author,B-PER
HP,B-PER
API,B-PER
Lam,B-PER
Lamini,B-PER
Lam,B-PER
Random,B-PER
Layer,B-PER
Freezing,B-PER
R,B-PER
LL,B-PER
Lam,B-PER
Lam,B-PER
Lam,B-PER
Lam,B-PER
Lam,B-ORG
Lam,B-ORG
LLM,B-ORG
Engine,B-ORG
Type,B-ORG
Lam,B-ORG
Lam,B-MISC
Lam,B-MISC
Lamini,B-ORG
AI,B-ORG
Lamini,B-ORG
AI,B-ORG
Lam,B-PER
Lam,B-PER
LLM,B-MISC
Engine,B-MISC
Lam,B-PER
Lam,B-PER
Lam,B-PER
Lam,B-PER
Lam,B-PER
Lam,B-PER
Python,B-PER
LL,B-MISC
Lam,B-MISC
LL,B-MISC
Lam,B-MISC
DatasetBalan,B-MISC
Lam,B-PER
Lam,B-PER
Lam,B-PER
Lam,B-PER
LL,B-MISC
Lam,B-MISC
LL,B-MISC
Lam,B-MISC
Lamini,B-MISC
Lamini,B-MISC
LL,B-MISC
Lamini,B-ORG
AI,B-ORG
Lamini,B-ORG
AI,B-ORG
Lam,B-PER
Lamini,B-PER
Lam,B-PER
Lam,B-PER
Lam,B-PER
LL,B-PER
LL,B-PER
Lam,B-PER
Lam,B-PER
Lam,B-PER
Lam,B-PER
Lam,B-PER
Lam,B-ORG
Lam,B-ORG
Lamini,B-ORG
TensorFlow,B-ORG
PyTorch,B-ORG
Lamini,B-ORG
ONN,B-ORG
TenFlow,B-ORG
Lamini,B-PER
Lam,B-PER
Lam,B-PER
LLM,B-PER
Engine,B-PER
Lam,B-PER
Lam,B-PER
Lamini,B-ORG
LL,B-ORG
RHF,B-ORG
Lamini,B-ORG
LL,B-ORG
RLHF,B-ORG
Re,B-ORG
Learning,B-ORG
Feback,B-ORG
Lamini,B-ORG
LL,B-ORG
RLHF,B-ORG
Lamini,B-ORG
Lam,B-MISC
Lam,B-MISC
Lamini,B-MISC
Library,B-MISC
Lam,B-PER
Lam,B-ORG
Lamini,B-ORG
LLM,B-ORG
Lam,B-PER
Lamini,B-PER
LLM,B-PER
Large,B-PER
Language,B-PER
Model,B-PER
Lamini,B-PER
Lamini,B-ORG
AI,B-ORG
SE,B-ORG
Lamini,B-ORG
AI,B-ORG
SE,B-ORG
LLM,B-MISC
Engine,B-MISC
Lamini,B-ORG
Lamini,B-ORG
Lamini,B-ORG
Lam,B-PER
Lam,B-PER
Lam,B-PER
LL,B-PER
Lamini,B-ORG
AI,B-ORG
Lamini,B-ORG
AI,B-ORG
Lamini,B-PER
LLM,B-PER
Engine,B-PER
R,B-ORG
R,B-ORG
Pro,B-ORG
Policy,B-ORG
Op,B-ORG
R,B-ORG
Lam,B-PER
LL,B-PER
Lam,B-PER
Lam,B-PER
US,B-PER
Biden,B-PER
Lam,B-PER
Lam,B-ORG
Lam,B-ORG
Lam,B-ORG
Lam,B-ORG
Lam,B-ORG
Lam,B-ORG
Lam,B-ORG
Lamini,B-ORG
Lamini,B-ORG
MosaicML,B-ORG
Lamini,B-ORG
MosaicML,B-ORG
Lam,B-PER
Lam,B-PER
Lamini,B-MISC
Python,B-MISC
Lamini,B-MISC
LLM,B-MISC
Lam,B-ORG
Lamini,B-ORG
Lam,B-ORG
Lam,B-PER
LL,B-PER
Lam,B-PER
LL,B-PER
Lamini,B-PER
LL,B-PER
Lam,B-PER
Lam,B-PER
Lam,B-PER
LL,B-MISC
Lam,B-MISC
LL,B-MISC
Lamini,B-MISC
LLM,B-MISC
Engine,B-MISC
Llam,B-MISC
Lam,B-ORG
Lam,B-ORG
Python,B-ORG
Lam,B-ORG
Lam,B-MISC
Lam,B-MISC
Python,B-MISC
Java,B-MISC
C,B-MISC
+,B-MISC
+,B-MISC
TensorFlow,B-MISC
PyTorch,B-MISC
Lam,B-PER
Lam,B-PER
AI,B-PER
Lamini,B-PER
Lamini,B-PER
Lamini,B-PER
Lam,B-PER
Lam,B-PER
Lam,B-LOC
Lam,B-LOC
Lam,B-PER
Lam,B-PER
Lamini,B-PER
Lamini,B-ORG
LL,B-ORG
Lamini,B-ORG
LL,B-ORG
Lamini,B-ORG
LL,B-ORG
LL,B-ORG
Lamini,B-ORG
LL,B-ORG
Internal,B-MISC
Server,B-MISC
500,B-MISC
Lamini,B-MISC
Internal,B-MISC
Server,B-MISC
500,B-MISC
Lamini,B-MISC
Lamini,B-MISC
PowerML,B-MISC
Lam,B-MISC
Lam,B-MISC
Lam,B-PER
Lam,B-PER
LLM,B-PER
Engine,B-PER
LLM,B-PER
Engine,B-PER
Lam,B-PER
Lam,B-PER
Lamini,B-ORG
AI,B-ORG
Lamini,B-ORG
AI,B-ORG
Lam,B-PER
Lam,B-PER
Lam,B-PER
Lam,B-PER
LL,B-PER
Lam,B-PER
LL,B-PER
Lamini,B-PER
LL,B-PER
Lamini,B-PER
Lam,B-PER
Lam,B-PER
Lam,B-PER
Lam,B-ORG
Lamini,B-ORG
Lamini,B-ORG
API,B-ORG
Lamini,B-ORG
Python,B-ORG
Lamini,B-ORG
Lam,B-ORG
Lam,B-ORG
Lam,B-PER
Lam,B-PER
Lamini,B-PER
Lamini,B-ORG
Lamini,B-ORG
Lamini,B-ORG
Lamini,B-ORG
Lamini,B-MISC
Lamini,B-MISC
Lam,B-MISC
Lam,B-MISC
Lam,B-PER
Lam,B-PER
Lamini,B-ORG
AI,B-ORG
Lamini,B-ORG
AI,B-ORG
LA,B-MISC
Lamini,B-ORG
Lamini,B-ORG
Lamini,B-MISC
Lamini,B-MISC
Lamini,B-MISC
Lamini,B-MISC
Lamini,B-MISC
Python,B-MISC
Lam,B-MISC
Python,B-MISC
Package,B-MISC
Index,B-MISC
Py,B-MISC
Lam,B-MISC
Lam,B-MISC
AI,B-MISC
Lam,B-MISC
Lam,B-PER
Lam,B-PER
LLM,B-PER
LLM,B-PER
Engine,B-PER
LL,B-PER
Lam,B-PER
AI,B-PER
Lam,B-PER
Lam,B-PER
Lam,B-PER
Lam,B-PER
LL,B-PER
Lamini,B-ORG
Lamini,B-ORG
Lamini,B-ORG
LLM,B-MISC
Lamini,B-MISC
Python,B-MISC
LLM,B-MISC
Lamini,B-MISC
Python,B-MISC
LLM,B-MISC
LLM,B-MISC
Lamini,B-ORG
Lamini,B-ORG
Lamini,B-ORG
Lam,B-PER
Lam,B-PER
Lamini,B-ORG
Lamini,B-ORG
Lamini,B-ORG
Lamini,B-ORG
Lam,B-MISC
Lamini,B-MISC
Lamini,B-MISC
Lam,B-ORG
Lamini,B-ORG
Llam,B-ORG
Google,B-ORG
Colab,B-ORG
Lamini,B-MISC
API,B-MISC
Lam,B-PER
Lam,B-PER
Lam,B-PER
Lam,B-PER
Lamini,B-ORG
Lamini,B-ORG
Lam,B-PER
LLM,B-PER
Engine,B-PER
Lam,B-PER
Lamini,B-PER
Lamini,B-PER
LLM,B-PER
Engine,B-PER
Lam,B-PER
Lam,B-PER
Lam,B-PER
Lam,B-PER
Lamini,B-ORG
LLM,B-ORG
Engine,B-ORG
Lamini,B-ORG
AI,B-MISC
Lam,B-MISC
LL,B-MISC
AI,B-MISC
LL,B-MISC
AI,B-MISC
AI,B-MISC
Lamini,B-MISC
AI,B-MISC
Lamini,B-PER
Lamini,B-PER
LLM,B-PER
Engine,B-PER
Lam,B-PER
Lam,B-PER
non,B-PER
English,B-PER
Japanese,B-PER
Arabic,B-PER
Lamini,B-PER
LL,B-PER
Lamini,B-PER
LL,B-PER
LL,B-PER
Lamini,B-PER
API,B-PER
LL,B-PER
Lamini,B-ORG
Lamini,B-ORG
Lamini,B-ORG
Lamini,B-ORG
Python,B-ORG
API,B-ORG
Lamini,B-ORG
API,B-ORG
Lamini,B-ORG
Author,B-ORG
Author,B-ORG
More,I-MISC
Lam,I-MISC
Strip,I-MISC
Apple,I-MISC
Pay,I-MISC
Google,I-MISC
Pay,I-MISC
Lam,B-PER
LLM,B-MISC
Lamini,B-MISC
AI,B-MISC
Lamini,B-MISC
AI,B-MISC
LLM,B-MISC
Lam,B-PER
Lam,B-ORG
Lamini,B-ORG
Lamini,B-ORG
Lamini,B-ORG
Lamini,B-ORG
Lamini,B-ORG
Apache,B-ORG
2,B-ORG
0,B-ORG
Lamini,B-ORG
Lamini,B-ORG
AI,B-ORG
Lam,B-ORG
Lam,B-ORG
LL,B-ORG
Lamini,B-ORG
Lamini,B-ORG
LL,B-ORG
Stanford,B-ORG
Alpaca,B-ORG
Lam,B-ORG
LL,B-ORG
LL,B-ORG
Lamini,B-ORG
AI,B-ORG
Lamini,B-ORG
AI,B-ORG
LLM,B-ORG
LL,B-ORG
Language,B-ORG
Model,B-ORG
Models,B-ORG
Lamini,B-ORG
AI,B-ORG
Lamini,B-ORG
AI,B-ORG
Lam,B-PER
Lam,B-PER
Lam,B-PER
Lam,B-MISC
Django,B-MISC
AWS,B-MISC
Lambda,B-MISC
Lam,B-MISC
Lamini,B-MISC
Django,B-MISC
Flask,B-MISC
AWS,B-MISC
Lambda,B-MISC
Lamini,B-MISC
GitHub,B-MISC
Lam,B-MISC
Lam,B-MISC
LL,B-MISC
LL,B-MISC
Lamini,B-MISC
Lamini,B-MISC
Pydantic,B-MISC
BaseM,B-MISC
Lam,B-ORG
Lam,B-ORG
CSV,B-ORG
JSON,B-ORG
XML,B-ORG
LL,B-ORG
Lam,B-ORG
Lamini,B-ORG
AI,B-ORG
Lamini,B-ORG
AI,B-ORG
Lam,B-ORG
LL,B-ORG
Lam,B-ORG
LL,B-ORG
Lam,B-ORG
LL,B-ORG
Lamini,B-ORG
Lam,B-ORG
Lam,B-ORG
Lam,B-ORG
Lam,B-PER
Lam,B-PER
Lamini,B-ORG
AI,B-ORG
Lamini,B-ORG
AI,B-ORG
Lam,B-PER
Lam,B-PER
Lam,B-PER
Lam,B-ORG
Lamini,B-ORG
AI,B-ORG
Lamini,B-ORG
Lam,B-PER
Lamini,B-ORG
AI,B-ORG
AI,B-ORG
Lamini,B-ORG
AI,B-ORG
AI,B-ORG
Lam,B-ORG
ChatGPT,B-ORG
Lamini,B-ORG
ChatGPT,B-ORG
Lam,B-ORG
ChatGPT,B-ORG
OpenAI,B-ORG
ChatGPT,B-ORG
Lam,B-ORG
Lamini,B-ORG
Lamini,B-ORG
AI,B-ORG
Lamini,B-ORG
Lam,B-ORG
Lamini,B-ORG
AI,B-ORG
Lamini,B-MISC
Lamini,B-MISC
Lamini,B-MISC
Lamini,B-ORG
Lamini,B-ORG
Lamini,B-ORG
Lamini,B-ORG
Lamini,B-MISC
Lamini,B-MISC
Lamini,B-MISC
Lamini,B-MISC
Fk,B-MISC
Python,B-MISC
No,B-MISC
j,B-MISC
Ruby,B-MISC
AWS,B-MISC
API,B-MISC
Gateway,B-MISC
Google,B-MISC
Cloud,B-MISC
Endpoints,B-MISC
GPT,B-MISC
-,B-MISC
3,B-MISC
Lamini,B-ORG
Lamini,B-ORG
Lamini,B-ORG
Lam,B-ORG
Lam,B-ORG
Lam,B-ORG
Lamini,B-ORG
Lamini,B-ORG
R,B-ORG
Lamini,B-ORG
OpenAI,B-ORG
Lamini,B-ORG
Lamini,B-ORG
Hu,B-ORG
Face,B-ORG
Lamini,B-ORG
Lam,B-ORG
Lam,B-PER
LL,B-PER
Lam,B-PER
LL,B-PER
Lam,B-PER
LL,B-PER
Lam,B-PER
LL,B-PER
Lam,B-PER
Lam,B-PER
Lam,B-PER
Lam,B-PER
Lam,B-PER
Lam,B-PER
Lam,B-PER
Lam,B-PER
Lam,B-PER
Lam,B-PER
LLM,B-PER
Lam,B-PER
Lam,B-PER
Lam,B-PER
LLM,B-PER
AI,B-PER
Lam,B-PER
Lamini,B-PER
Lamini,B-ORG
LangChain,B-ORG
Lamini,B-ORG
LangChain,B-ORG
Lamini,B-ORG
LangChain,B-ORG
Lam,B-PER
Lamini,B-PER
Lam,B-MISC
Lam,B-MISC
Lam,B-MISC
Lamini,B-PER
LLM,B-PER
Engine,B-PER
Lam,B-PER
Lam,B-PER
Lamini,B-PER
Lam,B-PER
non,B-PER
English,B-PER
Lamini,B-PER
non,B-PER
English,B-PER
Lam,B-PER
non,B-PER
English,B-PER
Lamini,B-ORG
Lamini,B-ORG
Lam,B-PER
Lam,B-PER
Lam,B-PER
Lam,B-PER
Lamini,B-PER
Lamini,B-PER
LLM,B-PER
Engine,B-PER
Lam,B-PER
Lam,B-PER
Lamini,B-ORG
AI,B-ORG
Lamini,B-ORG
AI,B-ORG
F1,B-MISC
F1,B-MISC
Lamini,B-ORG
Lamini,B-ORG
Lamini,B-ORG
AI,B-ORG
Lam,B-ORG
Lamini,B-ORG
Lam,B-ORG
CC,B-ORG
Lam,B-PER
LaminiA,B-PER
Lam,B-PER
Lam,B-PER
Lamini,B-PER
LLM,B-PER
Engine,B-PER
Lamini,B-MISC
Lamini,B-MISC
Python,B-MISC
Large,B-MISC
Language,B-MISC
Models,B-MISC
LLMs,B-MISC
LL,B-MISC
Lamini,B-ORG
Lamini,B-ORG
Lamini,B-ORG
Lamini,B-ORG
SL,B-ORG
Lam,B-PER
Lam,B-PER
Lam,B-PER
Lamini,B-PER
Lam,B-PER
LLM,B-MISC
Engine,B-MISC
Lamini,B-MISC
Lamini,B-PER
Lamini,B-PER
LLM,B-PER
Engine,B-PER
Lam,B-PER
Lam,B-PER
Lam,B-PER
Lamini,B-ORG
AI,B-ORG
Lamini,B-ORG
AI,B-ORG
Lam,B-PER
Lam,B-PER
Lam,B-PER
Lamini,B-ORG
AI,B-ORG
Lamini,B-ORG
AI,B-ORG
Lamini,B-ORG
LL,B-ORG
Lamini,B-ORG
LL,B-ORG
LL,B-ORG
Lam,B-PER
AI,B-PER
Lam,B-PER
Lam,B-ORG
Lamini,B-ORG
Lam,B-ORG
Lam,B-PER
Lam,B-PER
Lam,B-PER
LLM,B-MISC
Python,B-MISC
LLM,B-MISC
Python,B-MISC
LLM,B-MISC
Lam,B-MISC
Lam,B-MISC
Lamini,B-ORG
API,B-ORG
Lamini,B-ORG
Lam,B-PER
Lam,B-PER
Lamini,B-PER
Lam,B-PER
Lam,B-PER
LangChain,B-PER
Lam,B-PER
LangChain,B-PER
Lam,B-PER
Lam,B-PER
Lam,B-PER
Lam,B-PER
Lam,B-PER
Lam,B-PER
Lam,B-PER
Lam,B-PER
Lam,B-PER
Lamini,B-ORG
ElA,B-ORG
Face,B-ORG
Face,B-ORG
Space,B-ORG
LL,B-ORG
Lamini,B-ORG
VPC,B-ORG
Internal,B-MISC
Server,B-MISC
Lam,B-MISC
Internal,B-MISC
Server,B-MISC
Lam,B-MISC
Lamini,B-MISC
Python,B-MISC
Python,B-MISC
Lamini,B-MISC
Python,B-MISC
Lam,B-ORG
Lam,B-ORG
Lam,B-PER
Lam,B-PER
Lam,B-PER
Lam,B-PER
Lam,B-PER
Lam,B-PER
LLM,B-PER
Lam,B-PER
Lamini,B-ORG
MosaicML,B-ORG
AI,B-ORG
Lamini,B-ORG
LL,B-ORG
LL,B-ORG
MosaicML,B-ORG
AI,B-ORG
Lam,B-PER
Lam,B-PER
Lamini,B-PER
Lamini,B-PER
Lam,B-PER
Lam,B-PER
Lam,B-PER
Lam,B-PER
Lamini,B-ORG
LL,B-ORG
Lamini,B-ORG
LL,B-ORG
Lamini,B-ORG
LL,B-ORG
Lam,B-ORG
Lam,B-ORG
Lamini,B-ORG
Lam,B-ORG
Lamini,B-MISC
Lamini,B-MISC
Lamini,B-MISC
Lamini,B-ORG
LlamI,B-ORG
Lamini,B-ORG
LlamInde,B-ORG
LL,B-ORG
Lam,B-ORG
LL,B-ORG
LlamaInde,B-ORG
Lam,B-ORG
Lamini,B-ORG
Lamini,B-ORG
LL,B-MISC
Lamini,B-MISC
Lamini,B-MISC
Lam,B-PER
Lam,B-PER
Lam,B-PER
Lam,B-PER
Lam,B-PER
Lam,B-PER
Lam,B-PER
Lam,B-PER
Lamini,B-ORG
LLM,B-ORG
Lamini,B-ORG
Lamini,B-PER
LangChain,B-PER
Lamini,B-PER
LangChain,B-PER
LangChain,B-PER
Lam,B-PER
Lam,B-PER
Lam,B-PER
Lam,B-PER
Shakespearean,B-PER
Lam,B-PER
Shakespearean,B-PER
Lam,B-PER
Lamini,B-MISC
Lamini,B-MISC
AI,B-MISC
AI,B-MISC
AI,B-MISC
AI,B-MISC
Lam,B-PER
Lam,B-PER
Lam,B-PER
LLM,B-PER
Engine,B-PER
LLAMA,B-ORG
Lam,B-PER
Lam,B-PER
Lam,B-PER
Lam,B-PER
Lamini,B-MISC
Type,B-MISC
Lamini,B-MISC
Python,B-MISC
Animal,B-MISC
Larry,B-MISC
Lam,B-PER
LLM,B-PER
Lam,B-PER
Lamini,B-ORG
Lamini,B-ORG
LLM,B-ORG
Engine,B-ORG
AI,B-ORG
LL,B-ORG
LL,B-ORG
Lamini,B-ORG
AI,B-ORG
Lamini,B-ORG
Lam,B-PER
Lamini,B-PER
Lamini,B-ORG
Lamini,B-ORG
Lamini,B-ORG
Lamini,B-ORG
LL,B-ORG
Lamini,B-ORG
Lam,B-PER
Lam,B-PER
Lam,B-PER
API,B-MISC
Lamini,B-MISC
Lamini,B-MISC
Python,B-MISC
Package,B-MISC
Index,B-MISC
PyPI,B-MISC
Python,B-MISC
Lamini,B-MISC
AI,B-MISC
Lamini,B-MISC
Lam,B-PER
Lam,B-PER
Lam,B-PER
Lamini,B-ORG
Lamini,B-ORG
Lamini,B-ORG
Lamini,B-ORG
Kubeflow,B-ORG
MLflow,B-ORG
Lamini,B-ORG
Lamini,B-ORG
LLM,B-ORG
Engine,B-ORG
Lam,B-MISC
AI,B-MISC
Lam,B-MISC
AI,B-MISC
Lamini,B-ORG
LL,B-ORG
Engine,B-ORG
ll,B-ORG
Lam,B-PER
Lam,B-PER
LLM,B-PER
Lam,B-PER
Lam,B-PER
Lam,B-PER
True,B-MISC
True,B-MISC
Lamini,B-ORG
Lamini,B-ORG
Lamini,B-ORG
LLM,B-ORG
LL,B-MISC
Lamini,B-MISC
LL,B-MISC
Lamini,B-MISC
LL,B-MISC
Lam,B-MISC
Lamini,B-ORG
AI,B-ORG
Lamini,B-ORG
AI,B-ORG
Lam,B-PER
Lam,B-PER
Lam,B-PER
Lam,B-PER
LangChain,B-PER
Lamini,B-PER
LangChain,B-PER
LL,B-MISC
Hu,B-MISC
Face,B-MISC
Lamini,B-MISC
LLM,B-MISC
Lam,B-PER
Lam,B-PER
LLM,B-PER
Engine,B-PER
Lamini,B-PER
Lam,B-PER
Lam,B-ORG
Lamini,B-ORG
Lam,B-ORG
LLM,B-MISC
Engine,B-MISC
LLM,B-MISC
Engine,B-MISC
LLM,B-MISC
Engine,B-MISC
Lam,B-PER
Lam,B-ORG
Lam,B-ORG
Lam,B-ORG
Lam,B-ORG
Lam,B-PER
Lam,B-PER
Lam,B-PER
Lam,B-PER
Lamini,B-ORG
Lamini,B-ORG
Lamini,B-ORG
Lamini,B-ORG
Lam,B-ORG
Lam,B-ORG
B,B-ORG
Lamini,B-ORG
Lam,B-ORG
Lamini,B-ORG
Twitter,B-ORG
LinkedIn,B-ORG
Facebook,B-ORG
Lamini,B-ORG
Lamini,B-ORG
Lam,B-ORG
Lam,B-ORG
Lam,B-ORG
Lamini,B-ORG
AI,B-ORG
Lamini,B-ORG
AI,B-ORG
Lam,B-PER
Lam,B-PER
Lam,B-PER
Lam,B-PER
Lam,B-PER
Lamini,B-PER
Lam,B-PER
Python,B-MISC
Lamini,B-MISC
Python,B-MISC
Lamini,B-MISC
Large,B-MISC
Language,B-MISC
Models,B-MISC
LLMs,B-MISC
LLMs,B-MISC
Lam,B-MISC
LL,B-ORG
C,B-ORG
Lamini,B-ORG
Lamini,B-ORG
Lamini,B-ORG
Lamini,B-ORG
DatasetBalancer,B-MISC
Lamini,B-MISC
Lamini,B-MISC
Lam,B-PER
Lamini,B-PER
Lam,B-PER
Lam,B-PER
Lamini,B-PER
Lam,B-PER
Lam,B-PER
Lam,B-PER
Lam,B-PER
Lam,B-PER
Lam,B-PER
LLM,B-PER
Lamini,B-PER
LLM,B-PER
Engine,B-PER
Lam,B-PER
Lam,B-PER
JGGWAHIFJOLK,B-ORG
Lamini,B-PER
LLM,B-PER
Engine,B-PER
Lam,B-PER
Lamini,B-PER
LLM,B-PER
Engine,B-PER
Lamini,B-ORG
PyTorch,B-ORG
Lam,B-ORG
LLM,B-ORG
Large,B-ORG
Language,B-ORG
Model,B-ORG
PyTorch,B-ORG
PyTorch,B-ORG
Lam,B-ORG
PyTorch,B-ORG
Lamini,B-ORG
PyTorch,B-ORG
PyTorch,B-ORG
Lam,B-PER
Lam,B-PER
Lamini,B-PER
Lamini,B-ORG
AI,B-ORG
LLM,B-ORG
Lamini,B-ORG
AI,B-ORG
LLM,B-ORG
Lamini,B-MISC
Python,B-MISC
Lamini,B-MISC
Python,B-MISC
Lamini,B-MISC
Python,B-MISC
Lamini,B-ORG
AI,B-ORG
Lamini,B-ORG
AI,B-ORG
Mark,B-PER
Lamini,B-PER
Lamini,B-PER
Lam,B-ORG
MosaicML,B-ORG
Lamini,B-ORG
LL,B-ORG
MosaicML,B-ORG
AI,B-ORG
Do,B-ORG
Lamini,B-ORG
MosaicML,B-ORG
Lamini,B-ORG
MosaicML,B-ORG
Lamini,B-ORG
Lamini,B-ORG
Lam,B-PER
Lam,B-PER
English,B-PER
Spanish,B-PER
French,B-PER
Chinese,B-PER
Lam,B-PER
Lam,B-PER
AI,B-PER
Lam,B-PER
Lam,B-PER
Lam,B-PER
Lamini,B-ORG
LangChain,B-ORG
Lamini,B-ORG
LangChain,B-ORG
Lamini,B-ORG
LangChain,B-ORG
Lamini,B-ORG
Lamini,B-ORG
Lamini,B-ORG
AI,B-ORG
Lamini,B-ORG
AI,B-ORG
APA,B-ORG
Chicago,B-ORG
Manual,B-ORG
of,B-ORG
Style,B-ORG
GP,B-MISC
GP,B-MISC
Lamini,B-ORG
AI,B-ORG
Lamini,B-ORG
AI,B-ORG
Lam,B-MISC
Lam,B-MISC
Lam,B-MISC
Lam,B-ORG
Lamini,B-ORG
Lamini,B-ORG
AI,B-ORG
Lamini,B-ORG
AI,B-ORG
Lam,B-PER
Lam,B-PER
Lamini,B-PER
Python,B-PER
Lamini,B-ORG
AI,B-ORG
Lamini,B-ORG
AI,B-ORG
Lamini,B-ORG
LLM,B-ORG
Lamini,B-ORG
LLM,B-ORG
Apache,B-ORG
2,B-ORG
0,B-ORG
Lamini,B-ORG
Lamini,B-LOC
Palo,B-LOC
Alto,B-LOC
California,B-LOC
Lamini,B-ORG
AI,B-ORG
Lamini,B-ORG
AI,B-ORG
Lam,B-PER
Lam,B-PER
LLMs,B-PER
LL,B-PER
Lam,B-PER
Lamini,B-ORG
LangChain,B-ORG
Lamini,B-ORG
LangChain,B-ORG
Lam,B-ORG
AI,B-ORG
Lamini,B-ORG
AI,B-ORG
Language,B-ORG
Model,B-ORG
Models,B-ORG
LL,B-ORG
Lamini,B-ORG
AI,B-ORG
Lamini,B-ORG
AI,B-ORG
LL,B-ORG
Lam,B-ORG
Lamini,B-ORG
AI,B-ORG
LL,B-ORG
Lamini,B-ORG
AI,B-ORG
AI,B-ORG
Lamini,B-ORG
AI,B-ORG
LL,B-ORG
AI,B-ORG
Lamini,B-ORG
AI,B-ORG
AI,B-ORG
LL,B-ORG
Lamini,B-ORG
AI,B-ORG
Lam,B-ORG
AI,B-ORG
AI,B-ORG
LL,B-ORG
AI,B-ORG
Lam,B-PER
LLM,B-PER
Lam,B-PER
LLM,B-PER
Lam,B-PER
Lam,B-PER
LLM,B-PER
Lam,B-PER
Lamini,B-PER
Lam,B-PER
Lamini,B-ORG
AI,B-ORG
APA,B-ORG
Chicago,B-ORG
Manual,B-ORG
of,B-ORG
Style,B-ORG
Lamini,B-ORG
AI,B-ORG
APA,B-ORG
Chicago,B-ORG
Manual,B-ORG
of,B-ORG
Style,B-ORG
Context,B-MISC
Lamini,B-MISC
Python,B-MISC
Context,B-MISC
Lamini,B-MISC
Python,B-MISC
LL,B-MISC
Context,B-MISC
Lam,B-MISC
Lam,B-PER
Lam,B-PER
Lam,B-PER
Lam,B-PER
AI,B-PER
Lam,B-PER
AI,B-PER
Lam,B-PER
Lamini,B-PER
AI,B-PER
Lam,B-PER
Lam,B-PER
GPT,B-PER
2,B-PER
Lam,B-PER
Lam,B-ORG
Lam,B-ORG
Lamini,B-ORG
LLM,B-ORG
Engine,B-ORG
Lam,B-ORG
Lamini,B-ORG
AI,B-ORG
Lamini,B-ORG
Lamini,B-ORG
Stanford,B-ORG
Berkeley,B-ORG
NVIDIA,B-ORG
Google,B-ORG
Meta,B-ORG
MLCommons,B-ORG
Baidu,B-ORG
Lam,B-PER
Lam,B-PER
Lam,B-PER
Lam,B-PER
LLM,B-PER
Engine,B-PER
Lam,B-ORG
OpenAI,B-ORG
Lamini,B-ORG
LLM,B-ORG
Engine,B-ORG
OpenAI,B-ORG
AI,B-ORG
Lamini,B-ORG
OpenAI,B-ORG
Lam,B-PER
Lam,B-PER
Lam,B-PER
Lamini,B-PER
Lamini,B-ORG
Lam,B-PER
Lam,B-PER
Lam,B-PER
Lam,B-PER
Lamini,B-ORG
AI,B-ORG
Lamini,B-ORG
AI,B-ORG
Lamini,B-PER
Bo,B-PER
Lamini,B-PER
Lamini,B-ORG
GPU,B-ORG
Lamini,B-ORG
GPU,B-ORG
Lam,B-PER
LL,B-PER
Lam,B-PER
LL,B-PER
LLM,B-PER
Lam,B-PER
LLM,B-PER
Lamini,B-ORG
Lamini,B-ORG
Lamini,B-ORG
Lam,B-PER
Lam,B-PER
Lam,B-PER
Lamini,B-ORG
Lamini,B-ORG
Lamini,B-ORG
Lam,B-PER
LL,B-PER
Lamini,B-PER
LL,B-PER
Lamini,B-PER
Lamini,B-PER
LLM,B-PER
Engine,B-PER
Lam,B-PER
Lam,B-PER
Lamini,B-PER
Lam,B-PER
Elon,B-ORG
Lamini,B-ORG
Lamini,B-ORG
Lamini,B-ORG
LLM,B-ORG
Lamini,B-ORG
LLM,B-ORG
LL,B-ORG
Lamini,B-ORG
Lam,B-PER
Lam,B-PER
Python,B-PER
Java,B-PER
JavaScript,B-PER
Lamini,B-ORG
AI,B-ORG
Lamini,B-ORG
AI,B-ORG
Lam,B-PER
Question,B-PER
Answer,B-PER
GPT,B-MISC
4,B-MISC
GPT,B-MISC
4,B-MISC
Lam,B-MISC
Pythia,B-MISC
OpenAI,B-MISC
GPT,B-MISC
-,B-MISC
3,B-MISC
Lamini,B-PER
LLM,B-PER
Lam,B-ORG
Lamini,B-ORG
Llama,B-ORG
JSON,B-ORG
Lam,B-PER
Lam,B-PER
Lamini,B-PER
Python,B-PER
Library,B-PER
Lamini,B-PER
API,B-PER
Lamini,B-ORG
Lamini,B-ORG
Lamini,B-ORG
Lam,B-PER
Lam,B-PER
Lam,B-PER
Lam,B-PER
Lam,B-PER
English,B-PER
Spanish,B-PER
French,B-PER
German,B-PER
Chinese,B-PER
Japanese,B-PER
Lamini,B-ORG
AI,B-ORG
Lamini,B-ORG
API,B-MISC
Lamini,B-MISC
API,B-MISC
Lamini,B-MISC
Lamini,B-MISC
API,B-MISC
API,B-MISC
Keys,B-MISC
Lamini,B-MISC
API,B-MISC
Lamini,B-ORG
Google,B-ORG
Lamini,B-ORG
AI,B-ORG
Lam,B-PER
LL,B-PER
Lam,B-PER
Lam,B-PER
Lamini,B-MISC
Lamini,B-MISC
Lamini,B-ORG
ChaGPT,B-ORG
Lamini,B-ORG
ChaGPT,B-ORG
Lamini,B-ORG
ChaGPT,B-ORG
AI,B-ORG
Lamini,B-ORG
ChaGPT,B-ORG
LLM,B-MISC
Lamini,B-MISC
Python,B-MISC
LLM,B-MISC
Lamini,B-MISC
Python,B-MISC
LLM,B-MISC
LLM,B-MISC
LL,B-MISC
Lamini,B-ORG
Lamini,B-ORG
Lam,B-PER
Lam,B-PER
Lam,B-PER
Lamini,B-MISC
Lamini,B-MISC
GLUE,B-MISC
SuperGLUE,B-MISC
Stanford,B-MISC
Question,B-MISC
Answering,B-MISC
Dataset,B-MISC
SQuAD,B-MISC
Lamini,B-MISC
F1,B-MISC
Lamini,B-ORG
AI,B-ORG
Lamini,B-ORG
AI,B-ORG
LLM,B-ORG
Lamini,B-ORG
AI,B-ORG
Lamini,B-ORG
Lamini,B-ORG
Type,B-ORG
Lamini,B-ORG
Con,B-ORG
LLM,B-ORG
Engine,B-ORG
LLM,B-ORG
Engine,B-ORG
Lam,B-PER
Lam,B-PER
Lam,B-PER
LL,B-PER
Lam,B-PER
LL,B-PER
Lamini,B-MISC
Python,B-MISC
Lamini,B-MISC
Python,B-MISC
Lamini,B-MISC
Python,B-MISC
Python,B-MISC
Python,B-MISC
Pythonbre,B-MISC
macOS,B-MISC
Linux,B-MISC
LL,B-MISC
Lam,B-MISC
LLM,B-MISC
Engine,B-MISC
LL,B-MISC
LL,B-MISC
Lam,B-PER
English,B-PER
Lamini,B-PER
English,B-PER
Spanish,B-PER
French,B-PER
German,B-PER
Chinese,B-PER
Japanese,B-PER
English,B-PER
Lam,B-ORG
Lamini,B-ORG
Lamini,B-ORG
Lam,B-PER
Lam,B-PER
Lam,B-PER
Lamini,B-PER
Lamini,B-ORG
MosaicML,B-ORG
Lam,B-ORG
MosaicML,B-ORG
Lam,B-ORG
LL,B-ORG
Lamini,B-ORG
LL,B-ORG
LL,B-ORG
Lam,B-ORG
LL,B-ORG
Lamini,B-ORG
Lamini,B-ORG
LLM,B-ORG
Engine,B-ORG
Lam,B-PER
Lam,B-PER
LLM,B-PER
Lamini,B-ORG
LL,B-ORG
LLM,B-ORG
Engine,B-ORG
LL,B-ORG
Lamini,B-ORG
API,B-ORG
Python,B-ORG
Dock,B-ORG
LLM,B-ORG
Engine,B-ORG
Lam,B-PER
Lamini,B-PER
LL,B-PER
Lam,B-PER
LLM,B-PER
Great,B-LOC
Wall,B-LOC
of,B-LOC
China,B-LOC
Lam,B-LOC
Lam,B-PER
Arabic,B-PER
Japanese,B-PER
Lam,B-PER
Arabic,B-PER
Japanese,B-PER
Lamini,B-PER
Lamini,B-PER
Lamini,B-ORG
Lamini,B-ORG
LL,B-ORG
Lamini,B-ORG
LLM,B-ORG
Engine,B-ORG
LLM,B-ORG
Engine,B-ORG
Lamini,B-PER
LL,B-PER
Lamini,B-PER
LL,B-PER
Lamini,B-PER
Lam,B-MISC
Lamini,B-MISC
Python,B-MISC
PyTorch,B-MISC
Lamini,B-MISC
Linux,B-MISC
macOS,B-MISC
Windows,B-MISC
Lam,B-MISC
Python,B-MISC
PyTorch,B-MISC
TypeScript,B-MISC
Lam,B-MISC
Lam,B-MISC
LLM,B-MISC
Lamini,B-MISC
Lam,B-MISC
LLM,B-MISC
Lamini,B-MISC
Lam,B-PER
Lam,B-PER
Lamini,B-MISC
Lamini,B-MISC
LLM,B-MISC
Engine,B-MISC
Lamini,B-MISC
Type,B-MISC
Lam,B-PER
ChaGP,B-PER
Lam,B-PER
ChaGPT,B-PER
Lam,B-PER
Lam,B-PER
ChaGP,B-PER
Lam,B-PER
ChaGP,B-PER
Lam,B-PER
Lam,B-PER
Lam,B-PER
Lam,B-PER
Lam,B-PER
Lam,B-ORG
Lamini,B-ORG
LLM,B-ORG
Engine,B-ORG
LLM,B-ORG
Engine,B-ORG
Lamini,B-ORG
LLM,B-ORG
Engine,B-ORG
Lam,B-ORG
Lamini,B-ORG
LLM,B-ORG
Engine,B-ORG
LLM,B-ORG
Engine,B-ORG
Lamini,B-MISC
Lamini,B-MISC
Lam,B-PER
Lamini,B-MISC
Python,B-MISC
Lamini,B-MISC
Python,B-MISC
Lam,B-PER
Lamini,B-ORG
Lamini,B-ORG
Lamini,B-ORG
GitH,B-ORG
Lam,B-PER
Lam,B-PER
Lamini,B-ORG
Lamini,B-ORG
AI,B-ORG
Lam,B-PER
Lam,B-PER
LLM,B-PER
Engine,B-PER
Lam,B-PER
Lam,B-PER
Lam,B-PER
Lam,B-MISC
TensorFlow,B-MISC
PyTorch,B-MISC
Lam,B-MISC
TensorFlow,B-MISC
PyTorch,B-MISC
Lamini,B-MISC
Python,B-MISC
Lamini,B-MISC
Lamini,B-MISC
TensorFlow,B-MISC
PyTorch,B-MISC
Lamini,B-MISC
Lam,B-PER
Lamini,B-PER
Apache,B-PER
2,B-PER
.,B-PER
0,B-PER
Lam,B-PER
Lam,B-PER
LL,B-PER
Lam,B-PER
LL,B-PER
Partially,B-PER
Extractive,B-PER
Fine,B-PER
-,B-PER
Tuning,B-PER
Lam,B-PER
Lam,B-PER
Lam,B-PER
Jkndjwayxbujk,B-ORG
Lam,B-PER
Lam,B-ORG
LL,B-ORG
Lamini,B-ORG
Lamini,B-ORG
LL,B-ORG
Lam,B-ORG
Lam,B-PER
Lamini,B-ORG
AI,B-ORG
Lamini,B-ORG
AI,B-ORG
Lam,B-PER
Lam,B-PER
Lam,B-PER
Lam,B-PER
LL,B-MISC
Lamini,B-MISC
Lam,B-PER
Type,B-PER
LLM,B-PER
Python,B-PER
Lamini,B-PER
Lamini,B-ORG
LangChain,B-ORG
Lamini,B-ORG
LangChain,B-ORG
Lam,B-PER
Lam,B-PER
Lam,B-PER
Lamini,B-PER
Lamini,B-PER
Lamini,B-ORG
AI,B-ORG
Lamini,B-ORG
AI,B-ORG
Lamini,B-ORG
AI,B-ORG
LLM,B-ORG
Lamini,B-PER
Lamini,B-PER
Lam,B-PER
Lam,B-PER
Lam,B-PER
LL,B-PER
Lam,B-PER
Lamini,B-ORG
Tesla,B-ORG
Lamini,B-ORG
AI,B-ORG
Lamini,B-MISC
Lamini,B-MISC
Lamini,B-MISC
GitHub,B-MISC
Lamini,B-LOC
Lamini,B-LOC
